player_id,player,club_id,club,main_position,market_value,market_value_GBP
111455,Granit Xhaka,11,Arsenal FC,Central Midfield,"€ 28,000,000.00","£24,640,000"
112988,Cédric Soares,11,Arsenal FC,Right-Back,"€ 4,000,000.00","£3,520,000"
160438,Mohamed Elneny,11,Arsenal FC,Defensive Midfield,"€ 9,000,000.00","£7,920,000"
203853,Oleksandr Zinchenko,11,Arsenal FC,Left-Back,"€ 32,000,000.00","£28,160,000"
230784,Thomas Partey,11,Arsenal FC,Defensive Midfield,"€ 38,000,000.00","£33,440,000"
253341,Rob Holding,11,Arsenal FC,Centre-Back,"€ 10,000,000.00","£8,800,000"
300716,Kieran Tierney,11,Arsenal FC,Left-Back,"€ 30,000,000.00","£26,400,000"
316264,Martin Ødegaard,11,Arsenal FC,Attacking Midfield,"€ 60,000,000.00","£52,800,000"
331560,Takehiro Tomiyasu,11,Arsenal FC,Right-Back,"€ 25,000,000.00","£22,000,000"
335721,Ben White,11,Arsenal FC,Centre-Back,"€ 45,000,000.00","£39,600,000"
340324,Eddie Nketiah,11,Arsenal FC,Centre-Forward,"€ 18,000,000.00","£15,840,000"
340325,Reiss Nelson,11,Arsenal FC,Right Winger,"€ 7,000,000.00","£6,160,000"
363205,Gabriel Jesus,11,Arsenal FC,Centre-Forward,"€ 75,000,000.00","£66,000,000"
381967,Albert Sambi Lokonga,11,Arsenal FC,Central Midfield,"€ 15,000,000.00","£13,200,000"
392765,Emile Smith Rowe,11,Arsenal FC,Attacking Midfield,"€ 38,000,000.00","£33,440,000"
425306,Matt Turner,11,Arsenal FC,Goalkeeper,"€ 5,000,000.00","£4,400,000"
427568,Aaron Ramsdale,11,Arsenal FC,Goalkeeper,"€ 30,000,000.00","£26,400,000"
433177,Bukayo Saka,11,Arsenal FC,Right Midfield,"€ 90,000,000.00","£79,200,000"
435338,Gabriel Magalhães,11,Arsenal FC,Centre-Back,"€ 40,000,000.00","£35,200,000"
495666,William Saliba,11,Arsenal FC,Centre-Back,"€ 50,000,000.00","£44,000,000"
537598,Fábio Vieira,11,Arsenal FC,Attacking Midfield,"€ 30,000,000.00","£26,400,000"
655488,Gabriel Martinelli,11,Arsenal FC,Left Winger,"€ 60,000,000.00","£52,800,000"
668268,Marquinhos,11,Arsenal FC,Right Winger,"€ 10,000,000.00","£8,800,000"
14086,Ashley Young,405,Aston Villa,Left-Back,"€ 1,000,000.00","£880,000"
75458,Robin Olsen,405,Aston Villa,Goalkeeper,"€ 2,000,000.00","£1,760,000"
80444,Philippe Coutinho,405,Aston Villa,Left Winger,"€ 18,000,000.00","£15,840,000"
110867,Jed Steer,405,Aston Villa,Goalkeeper,"€ 600,000.00","£528,000"
111873,Emiliano Martínez,405,Aston Villa,Goalkeeper,"€ 25,000,000.00","£22,000,000"
126664,Lucas Digne,405,Aston Villa,Left-Back,"€ 22,000,000.00","£19,360,000"
134294,Danny Ings,405,Aston Villa,Centre-Forward,"€ 16,000,000.00","£14,080,000"
168157,Leander Dendoncker,405,Aston Villa,Defensive Midfield,"€ 22,000,000.00","£19,360,000"
170646,Ludwig Augustinsson,405,Aston Villa,Left-Back,"€ 4,000,000.00","£3,520,000"
174094,Morgan Sanson,405,Aston Villa,Central Midfield,"€ 6,000,000.00","£5,280,000"
193116,John McGinn,405,Aston Villa,Central Midfield,"€ 30,000,000.00","£26,400,000"
215118,Calum Chambers,405,Aston Villa,Centre-Back,"€ 10,000,000.00","£8,800,000"
243028,Jan Bednarek,405,Aston Villa,Centre-Back,"€ 18,000,000.00","£15,840,000"
253677,Tyrone Mings,405,Aston Villa,Centre-Back,"€ 25,000,000.00","£22,000,000"
321247,Emiliano Buendía,405,Aston Villa,Right Winger,"€ 28,000,000.00","£24,640,000"
324358,Ollie Watkins,405,Aston Villa,Centre-Forward,"€ 32,000,000.00","£28,160,000"
324882,Marvelous Nakamba,405,Aston Villa,Defensive Midfield,"€ 5,000,000.00","£4,400,000"
329145,Diego Carlos,405,Aston Villa,Centre-Back,"€ 30,000,000.00","£26,400,000"
354352,Frédéric Guilbert,405,Aston Villa,Right-Back,"€ 5,000,000.00","£4,400,000"
387626,Leon Bailey,405,Aston Villa,Left Winger,"€ 25,000,000.00","£22,000,000"
394327,Boubacar Kamara,405,Aston Villa,Defensive Midfield,"€ 25,000,000.00","£22,000,000"
413403,Ezri Konsa,405,Aston Villa,Centre-Back,"€ 22,000,000.00","£19,360,000"
425334,Matty Cash,405,Aston Villa,Right-Back,"€ 22,000,000.00","£19,360,000"
447661,Douglas Luiz,405,Aston Villa,Defensive Midfield,"€ 35,000,000.00","£30,800,000"
503749,Jacob Ramsey,405,Aston Villa,Central Midfield,"€ 28,000,000.00","£24,640,000"
533662,Cameron Archer,405,Aston Villa,Centre-Forward,"€ 8,000,000.00","£7,040,000"
61841,Adam Smith,989,Bournemouth,Right-Back,"€ 1,500,000.00","£1,320,000"
87672,Junior Stanislas,989,Bournemouth,Left Winger,"€ 700,000.00","£616,000"
111819,Neto,989,Bournemouth,Goalkeeper,"€ 2,500,000.00","£2,200,000"
140191,Ryan Fredericks,989,Bournemouth,Right-Back,"€ 2,000,000.00","£1,760,000"
163744,Jack Stephens,989,Bournemouth,Centre-Back,"€ 5,000,000.00","£4,400,000"
183293,Joe Rothwell,989,Bournemouth,Central Midfield,"€ 3,500,000.00","£3,080,000"
183302,Ben Pearson,989,Bournemouth,Central Midfield,"€ 2,500,000.00","£2,200,000"
188077,Ryan Christie,989,Bournemouth,Attacking Midfield,"€ 9,000,000.00","£7,920,000"
232964,Emiliano Marcondes,989,Bournemouth,Attacking Midfield,"€ 1,800,000.00","£1,584,000"
239949,Jamal Lowe,989,Bournemouth,Right Winger,"€ 1,500,000.00","£1,320,000"
249089,Lewis Cook,989,Bournemouth,Central Midfield,"€ 10,000,000.00","£8,800,000"
249356,Jack Stacey,989,Bournemouth,Right-Back,"€ 3,000,000.00","£2,640,000"
258889,Dominic Solanke,989,Bournemouth,Centre-Forward,"€ 18,000,000.00","£15,840,000"
262980,Jefferson Lerma,989,Bournemouth,Defensive Midfield,"€ 15,000,000.00","£13,200,000"
275590,Kieffer Moore,989,Bournemouth,Centre-Forward,"€ 4,000,000.00","£3,520,000"
277033,David Brooks,989,Bournemouth,Right Winger,"€ 14,000,000.00","£12,320,000"
320411,Philip Billing,989,Bournemouth,Central Midfield,"€ 18,000,000.00","£15,840,000"
357658,Mark Travers,989,Bournemouth,Goalkeeper,"€ 2,000,000.00","£1,760,000"
399434,Marcus Tavernier,989,Bournemouth,Attacking Midfield,"€ 15,000,000.00","£13,200,000"
469781,Marcos Senesi,989,Bournemouth,Centre-Back,"€ 17,000,000.00","£14,960,000"
480116,Lloyd Kelly,989,Bournemouth,Centre-Back,"€ 15,000,000.00","£13,200,000"
480987,Chris Mepham,989,Bournemouth,Centre-Back,"€ 6,000,000.00","£5,280,000"
488656,Siriki Dembélé,989,Bournemouth,Left Winger,"€ 2,500,000.00","£2,200,000"
582078,Will Dennis,989,Bournemouth,Goalkeeper,"€ 200,000.00","£176,000"
611793,James Hill,989,Bournemouth,Centre-Back,"€ 1,000,000.00","£880,000"
633530,Jordan Zemura,989,Bournemouth,Left-Back,"€ 4,000,000.00","£3,520,000"
684210,Jaidon Anthony,989,Bournemouth,Left Winger,"€ 5,000,000.00","£4,400,000"
52059,Zanka,1148,Brentford FC,Centre-Back,"€ 1,500,000.00","£1,320,000"
74810,Ben Mee,1148,Brentford FC,Centre-Back,"€ 1,800,000.00","£1,584,000"
125314,Pontus Jansson,1148,Brentford FC,Centre-Back,"€ 5,000,000.00","£4,400,000"
148367,Christian Nörgaard,1148,Brentford FC,Defensive Midfield,"€ 14,000,000.00","£12,320,000"
204294,Saman Ghoddos,1148,Brentford FC,Attacking Midfield,"€ 2,200,000.00","£1,936,000"
222209,Thomas Strakosha,1148,Brentford FC,Goalkeeper,"€ 5,000,000.00","£4,400,000"
251664,Ivan Toney,1148,Brentford FC,Centre-Forward,"€ 45,000,000.00","£39,600,000"
251845,Sergi Canós,1148,Brentford FC,Right Winger,"€ 12,000,000.00","£10,560,000"
262749,David Raya,1148,Brentford FC,Goalkeeper,"€ 22,000,000.00","£19,360,000"
270171,Vitaly Janelt,1148,Brentford FC,Defensive Midfield,"€ 16,000,000.00","£14,080,000"
319859,Mathias Jensen,1148,Brentford FC,Central Midfield,"€ 14,000,000.00","£12,320,000"
328658,Kristoffer Ajer,1148,Brentford FC,Centre-Back,"€ 16,000,000.00","£14,080,000"
339556,Rico Henry,1148,Brentford FC,Left-Back,"€ 22,000,000.00","£19,360,000"
340321,Josh Dasilva,1148,Brentford FC,Central Midfield,"€ 9,000,000.00","£7,920,000"
376856,Charlie Goode,1148,Brentford FC,Centre-Back,"€ 800,000.00","£704,000"
388165,Yoane Wissa,1148,Brentford FC,Left Winger,"€ 15,000,000.00","£13,200,000"
391005,Mads Roerslev Rasmussen,1148,Brentford FC,Right-Back,"€ 2,200,000.00","£1,936,000"
413039,Bryan Mbeumo,1148,Brentford FC,Right Winger,"€ 28,000,000.00","£24,640,000"
421637,Frank Onyeka,1148,Brentford FC,Central Midfield,"€ 9,000,000.00","£7,920,000"
442248,Ethan Pinnock,1148,Brentford FC,Centre-Back,"€ 12,000,000.00","£10,560,000"
533916,Shandon Baptiste,1148,Brentford FC,Central Midfield,"€ 3,000,000.00","£2,640,000"
540941,Mikkel Damsgaard,1148,Brentford FC,Left Winger,"€ 15,000,000.00","£13,200,000"
591949,Aaron Hickey,1148,Brentford FC,Left-Back,"€ 18,000,000.00","£15,840,000"
644401,Keane Lewis-Potter,1148,Brentford FC,Left Winger,"€ 17,000,000.00","£14,960,000"
43530,Adam Lallana,1237,Brighton & Hove Albion,Attacking Midfield,"€ 1,500,000.00","£1,320,000"
67063,Danny Welbeck,1237,Brighton & Hove Albion,Centre-Forward,"€ 8,000,000.00","£7,040,000"
73564,Jason Steele,1237,Brighton & Hove Albion,Goalkeeper,"€ 600,000.00","£528,000"
82873,Pascal Groß,1237,Brighton & Hove Albion,Central Midfield,"€ 8,000,000.00","£7,040,000"
111195,Joël Veltman,1237,Brighton & Hove Albion,Right-Back,"€ 10,000,000.00","£8,800,000"
144028,Leandro Trossard,1237,Brighton & Hove Albion,Left Winger,"€ 30,000,000.00","£26,400,000"
148153,Lewis Dunk,1237,Brighton & Hove Albion,Centre-Back,"€ 18,000,000.00","£15,840,000"
209212,Solly March,1237,Brighton & Hove Albion,Left Midfield,"€ 12,000,000.00","£10,560,000"
212847,Adam Webster,1237,Brighton & Hove Albion,Centre-Back,"€ 22,000,000.00","£19,360,000"
339314,Deniz Undav,1237,Brighton & Hove Albion,Centre-Forward,"€ 6,000,000.00","£5,280,000"
349599,Pervis Estupiñán,1237,Brighton & Hove Albion,Left-Back,"€ 20,000,000.00","£17,600,000"
384461,Jakub Moder,1237,Brighton & Hove Albion,Central Midfield,"€ 12,000,000.00","£10,560,000"
403151,Robert Sánchez,1237,Brighton & Hove Albion,Goalkeeper,"€ 32,000,000.00","£28,160,000"
423744,Billy Gilmour,1237,Brighton & Hove Albion,Central Midfield,"€ 12,000,000.00","£10,560,000"
504148,Tariq Lamptey,1237,Brighton & Hove Albion,Right-Back,"€ 15,000,000.00","£13,200,000"
504849,Kaoru Mitoma,1237,Brighton & Hove Albion,Left Winger,"€ 6,000,000.00","£5,280,000"
534033,Alexis Mac Allister,1237,Brighton & Hove Albion,Central Midfield,"€ 32,000,000.00","£28,160,000"
568005,Jeremy Sarmiento,1237,Brighton & Hove Albion,Attacking Midfield,"€ 3,000,000.00","£2,640,000"
576314,Jan Paul van Hecke,1237,Brighton & Hove Albion,Centre-Back,"€ 5,000,000.00","£4,400,000"
614258,Levi Colwill,1237,Brighton & Hove Albion,Centre-Back,"€ 10,000,000.00","£8,800,000"
660867,Julio Enciso,1237,Brighton & Hove Albion,Second Striker,"€ 11,000,000.00","£9,680,000"
687626,Moisés Caicedo,1237,Brighton & Hove Albion,Central Midfield,"€ 38,000,000.00","£33,440,000"
29241,Thiago Silva,631,Chelsea FC,Centre-Back,"€ 2,500,000.00","£2,200,000"
51471,Mateo Kovacic,631,Chelsea FC,Central Midfield,"€ 40,000,000.00","£35,200,000"
57500,César Azpilicueta,631,Chelsea FC,Right-Back,"€ 8,000,000.00","£7,040,000"
58864,Pierre-Emerick Aubameyang,631,Chelsea FC,Centre-Forward,"€ 12,000,000.00","£10,560,000"
93128,Kalidou Koulibaly,631,Chelsea FC,Centre-Back,"€ 35,000,000.00","£30,800,000"
102017,Jorginho,631,Chelsea FC,Defensive Midfield,"€ 35,000,000.00","£30,800,000"
116648,Marcus Bettinelli,631,Chelsea FC,Goalkeeper,"€ 2,000,000.00","£1,760,000"
134425,Raheem Sterling,631,Chelsea FC,Left Winger,"€ 70,000,000.00","£61,600,000"
192279,Kepa Arrizabalaga,631,Chelsea FC,Goalkeeper,"€ 15,000,000.00","£13,200,000"
202886,Ruben Loftus-Cheek,631,Chelsea FC,Central Midfield,"€ 25,000,000.00","£22,000,000"
217111,Hakim Ziyech,631,Chelsea FC,Attacking Midfield,"€ 17,000,000.00","£14,960,000"
225083,N'Golo Kanté,631,Chelsea FC,Defensive Midfield,"€ 30,000,000.00","£26,400,000"
284857,Marc Cucurella,631,Chelsea FC,Left-Back,"€ 55,000,000.00","£48,400,000"
309400,Kai Havertz,631,Chelsea FC,Attacking Midfield,"€ 70,000,000.00","£61,600,000"
315779,Christian Pulisic,631,Chelsea FC,Right Winger,"€ 38,000,000.00","£33,440,000"
316125,Ben Chilwell,631,Chelsea FC,Left-Back,"€ 38,000,000.00","£33,440,000"
334526,Denis Zakaria,631,Chelsea FC,Defensive Midfield,"€ 20,000,000.00","£17,600,000"
346314,Trevoh Chalobah,631,Chelsea FC,Centre-Back,"€ 22,000,000.00","£19,360,000"
346483,Mason Mount,631,Chelsea FC,Attacking Midfield,"€ 75,000,000.00","£66,000,000"
442531,Edouard Mendy,631,Chelsea FC,Goalkeeper,"€ 25,000,000.00","£22,000,000"
472423,Reece James,631,Chelsea FC,Right-Back,"€ 70,000,000.00","£61,600,000"
475411,Wesley Fofana,631,Chelsea FC,Centre-Back,"€ 65,000,000.00","£57,200,000"
488362,Conor Gallagher,631,Chelsea FC,Central Midfield,"€ 32,000,000.00","£28,160,000"
571743,Armando Broja,631,Chelsea FC,Centre-Forward,"€ 30,000,000.00","£26,400,000"
659459,Carney Chukwuemeka,631,Chelsea FC,Central Midfield,"€ 15,000,000.00","£13,200,000"
41416,James McArthur,873,Crystal Palace,Central Midfield,"€ 700,000.00","£616,000"
61592,James Tomkins,873,Crystal Palace,Centre-Back,"€ 1,000,000.00","£880,000"
64399,Vicente Guaita,873,Crystal Palace,Goalkeeper,"€ 1,500,000.00","£1,320,000"
74300,Luka Milivojevic,873,Crystal Palace,Defensive Midfield,"€ 2,500,000.00","£2,200,000"
85177,Nathaniel Clyne,873,Crystal Palace,Right-Back,"€ 3,000,000.00","£2,640,000"
92572,Joel Ward,873,Crystal Palace,Right-Back,"€ 2,000,000.00","£1,760,000"
108354,Jordan Ayew,873,Crystal Palace,Centre-Forward,"€ 6,000,000.00","£5,280,000"
110864,Sam Johnstone,873,Crystal Palace,Goalkeeper,"€ 6,000,000.00","£5,280,000"
128899,Jack Butland,873,Crystal Palace,Goalkeeper,"€ 1,500,000.00","£1,320,000"
145988,Wilfried Zaha,873,Crystal Palace,Left Winger,"€ 32,000,000.00","£28,160,000"
157506,Jeffrey Schlupp,873,Crystal Palace,Left Midfield,"€ 8,000,000.00","£7,040,000"
207014,Will Hughes,873,Crystal Palace,Central Midfield,"€ 5,000,000.00","£4,400,000"
241481,Jairo Riedewald,873,Crystal Palace,Defensive Midfield,"€ 4,000,000.00","£3,520,000"
260827,Joachim Andersen,873,Crystal Palace,Centre-Back,"€ 32,000,000.00","£28,160,000"
344152,Odsonne Edouard,873,Crystal Palace,Centre-Forward,"€ 17,000,000.00","£14,960,000"
392757,Marc Guéhi,873,Crystal Palace,Centre-Back,"€ 35,000,000.00","£30,800,000"
420002,Jean-Philippe Mateta,873,Crystal Palace,Centre-Forward,"€ 9,000,000.00","£7,920,000"
479999,Eberechi Eze,873,Crystal Palace,Attacking Midfield,"€ 30,000,000.00","£26,400,000"
507254,Nathan Ferguson,873,Crystal Palace,Centre-Back,"€ 2,000,000.00","£1,760,000"
512354,Malcolm Ebiowei,873,Crystal Palace,Right Winger,"€ 3,000,000.00","£2,640,000"
543387,Cheick Doucouré,873,Crystal Palace,Defensive Midfield,"€ 30,000,000.00","£26,400,000"
566723,Michael Olise,873,Crystal Palace,Right Midfield,"€ 22,000,000.00","£19,360,000"
578539,Chris Richards,873,Crystal Palace,Centre-Back,"€ 12,000,000.00","£10,560,000"
730893,Tyrick Mitchell,873,Crystal Palace,Left-Back,"€ 28,000,000.00","£24,640,000"
2857,Eldin Jakupovic,29,Everton FC,Goalkeeper,"€ 200,000.00","£176,000"
14044,Andy Lonergan,29,Everton FC,Goalkeeper,"€ 200,000.00","£176,000"
33873,Asmir Begovic,29,Everton FC,Goalkeeper,"€ 1,000,000.00","£880,000"
61842,Andros Townsend,29,Everton FC,Right Winger,"€ 2,500,000.00","£2,200,000"
68390,Seamus Coleman,29,Everton FC,Right-Back,"€ 1,200,000.00","£1,056,000"
80197,Salomón Rondón,29,Everton FC,Centre-Forward,"€ 2,000,000.00","£1,760,000"
118534,Michael Keane,29,Everton FC,Centre-Back,"€ 14,000,000.00","£12,320,000"
126665,Idrissa Gueye,29,Everton FC,Central Midfield,"€ 8,000,000.00","£7,040,000"
127187,Abdoulaye Doucouré,29,Everton FC,Central Midfield,"€ 12,000,000.00","£10,560,000"
128901,Conor Coady,29,Everton FC,Centre-Back,"€ 18,000,000.00","£15,840,000"
130164,Jordan Pickford,29,Everton FC,Goalkeeper,"€ 28,000,000.00","£24,640,000"
173504,James Tarkowski,29,Everton FC,Centre-Back,"€ 22,000,000.00","£19,360,000"
217115,Neal Maupay,29,Everton FC,Centre-Forward,"€ 13,000,000.00","£11,440,000"
242631,Alex Iwobi,29,Everton FC,Attacking Midfield,"€ 25,000,000.00","£22,000,000"
289446,Yerry Mina,29,Everton FC,Centre-Back,"€ 18,000,000.00","£15,840,000"
292417,Demarai Gray,29,Everton FC,Left Winger,"€ 20,000,000.00","£17,600,000"
306024,Dominic Calvert-Lewin,29,Everton FC,Centre-Forward,"€ 30,000,000.00","£26,400,000"
314210,Tom Davies,29,Everton FC,Central Midfield,"€ 12,000,000.00","£10,560,000"
343475,Ben Godfrey,29,Everton FC,Centre-Back,"€ 18,000,000.00","£15,840,000"
348623,Mason Holgate,29,Everton FC,Centre-Back,"€ 16,000,000.00","£14,080,000"
357158,Rúben Vinagre,29,Everton FC,Left-Back,"€ 5,000,000.00","£4,400,000"
404842,Vitaliy Mykolenko,29,Everton FC,Left-Back,"€ 22,000,000.00","£19,360,000"
424015,Nathan Patterson,29,Everton FC,Right-Back,"€ 14,000,000.00","£12,320,000"
485706,Amadou Onana,29,Everton FC,Defensive Midfield,"€ 35,000,000.00","£30,800,000"
503733,Anthony Gordon,29,Everton FC,Left Winger,"€ 40,000,000.00","£35,200,000"
505219,James Garner,29,Everton FC,Defensive Midfield,"€ 14,000,000.00","£12,320,000"
584769,Dwight McNeil,29,Everton FC,Left Winger,"€ 18,000,000.00","£15,840,000"
51152,Aleksandar Mitrović,931,Fulham FC,Centre-Forward,"€ 28,000,000.00","£24,640,000"
52769,Willian,931,Fulham FC,Right Winger,"€ 3,000,000.00","£2,640,000"
72476,Bernd Leno,931,Fulham FC,Goalkeeper,"€ 10,000,000.00","£8,800,000"
111422,Neeskens Kebano,931,Fulham FC,Left Winger,"€ 4,000,000.00","£3,520,000"
119269,Shane Duffy,931,Fulham FC,Centre-Back,"€ 2,500,000.00","£2,200,000"
123275,Tom Cairney,931,Fulham FC,Central Midfield,"€ 2,000,000.00","£1,760,000"
126710,Layvin Kurzawa,931,Fulham FC,Left-Back,"€ 5,000,000.00","£4,400,000"
128900,Nathaniel Chalobah,931,Fulham FC,Defensive Midfield,"€ 2,500,000.00","£2,200,000"
145466,Tim Ream,931,Fulham FC,Centre-Back,"€ 1,000,000.00","£880,000"
183321,Kevin Mbabu,931,Fulham FC,Right-Back,"€ 7,000,000.00","£6,160,000"
186186,Bobby Reid,931,Fulham FC,Attacking Midfield,"€ 7,000,000.00","£6,160,000"
186901,Marek Rodak,931,Fulham FC,Goalkeeper,"€ 3,500,000.00","£3,080,000"
203394,Andreas Pereira,931,Fulham FC,Attacking Midfield,"€ 13,000,000.00","£11,440,000"
206746,Kenny Tete,931,Fulham FC,Right-Back,"€ 7,000,000.00","£6,160,000"
226973,Harrison Reed,931,Fulham FC,Central Midfield,"€ 15,000,000.00","£13,200,000"
243589,Josh Onomah,931,Fulham FC,Central Midfield,"€ 2,500,000.00","£2,200,000"
257455,João Palhinha,931,Fulham FC,Defensive Midfield,"€ 28,000,000.00","£24,640,000"
258878,Tosin Adarabioyo,931,Fulham FC,Centre-Back,"€ 18,000,000.00","£15,840,000"
272622,Issa Diop,931,Fulham FC,Centre-Back,"€ 15,000,000.00","£13,200,000"
279455,Harry Wilson,931,Fulham FC,Right Winger,"€ 17,000,000.00","£14,960,000"
319301,Daniel James,931,Fulham FC,Right Winger,"€ 16,000,000.00","£14,080,000"
349701,Antonee Robinson,931,Fulham FC,Left-Back,"€ 10,000,000.00","£8,800,000"
396638,Manor Solomon,931,Fulham FC,Left Winger,"€ 18,000,000.00","£15,840,000"
525287,Carlos Vinícius,931,Fulham FC,Centre-Forward,"€ 5,000,000.00","£4,400,000"
67420,Luke Ayling,399,Leeds United,Right-Back,"€ 2,000,000.00","£1,760,000"
75067,Liam Cooper,399,Leeds United,Centre-Back,"€ 5,000,000.00","£4,400,000"
92738,Mateusz Klich,399,Leeds United,Central Midfield,"€ 2,000,000.00","£1,760,000"
101118,Joel Robles,399,Leeds United,Goalkeeper,"€ 1,200,000.00","£1,056,000"
121257,Adam Forshaw,399,Leeds United,Central Midfield,"€ 1,800,000.00","£1,584,000"
131505,Rodrigo,399,Leeds United,Second Striker,"€ 9,000,000.00","£7,920,000"
158764,Stuart Dallas,399,Leeds United,Right-Back,"€ 2,000,000.00","£1,760,000"
183334,Patrick Bamford,399,Leeds United,Centre-Forward,"€ 12,000,000.00","£10,560,000"
246291,Diego Llorente,399,Leeds United,Centre-Back,"€ 12,000,000.00","£10,560,000"
328784,Robin Koch,399,Leeds United,Centre-Back,"€ 18,000,000.00","£15,840,000"
332705,Tyler Adams,399,Leeds United,Defensive Midfield,"€ 17,000,000.00","£14,960,000"
336869,Marc Roca,399,Leeds United,Defensive Midfield,"€ 12,000,000.00","£10,560,000"
369684,Rasmus Kristensen,399,Leeds United,Right-Back,"€ 15,000,000.00","£13,200,000"
374139,Junior Firpo,399,Leeds United,Left-Back,"€ 12,000,000.00","£10,560,000"
393323,Brenden Aaronson,399,Leeds United,Attacking Midfield,"€ 30,000,000.00","£26,400,000"
410708,Pascal Struijk,399,Leeds United,Centre-Back,"€ 20,000,000.00","£17,600,000"
417346,Jack Harrison,399,Leeds United,Left Winger,"€ 25,000,000.00","£22,000,000"
418561,Kristoffer Klaesson,399,Leeds United,Goalkeeper,"€ 2,000,000.00","£1,760,000"
474701,Crysencio Summerville,399,Leeds United,Right Winger,"€ 4,000,000.00","£3,520,000"
503980,Joe Gelhardt,399,Leeds United,Centre-Forward,"€ 8,000,000.00","£7,040,000"
512385,Luis Sinisterra,399,Leeds United,Left Winger,"€ 22,000,000.00","£19,360,000"
531957,Cody Drameh,399,Leeds United,Right-Back,"€ 3,000,000.00","£2,640,000"
532178,Sam Greenwood,399,Leeds United,Attacking Midfield,"€ 4,000,000.00","£3,520,000"
542586,Illan Meslier,399,Leeds United,Goalkeeper,"€ 22,000,000.00","£19,360,000"
627626,Wilfried Gnonto,399,Leeds United,Second Striker,"€ 10,000,000.00","£8,800,000"
33754,Alex Smithies,1003,Leicester City,Goalkeeper,"€ 600,000.00","£528,000"
40611,Ryan Bertrand,1003,Leicester City,Left-Back,"€ 1,000,000.00","£880,000"
42412,Jonny Evans,1003,Leicester City,Centre-Back,"€ 3,000,000.00","£2,640,000"
61560,Marc Albrighton,1003,Leicester City,Right Midfield,"€ 2,000,000.00","£1,760,000"
99331,Jannik Vestergaard,1003,Leicester City,Centre-Back,"€ 7,000,000.00","£6,160,000"
111051,Nampalys Mendy,1003,Leicester City,Defensive Midfield,"€ 3,500,000.00","£3,080,000"
129588,Dennis Praet,1003,Leicester City,Central Midfield,"€ 10,000,000.00","£8,800,000"
197838,Jamie Vardy,1003,Leicester City,Centre-Forward,"€ 4,000,000.00","£3,520,000"
203026,Danny Ward,1003,Leicester City,Goalkeeper,"€ 8,000,000.00","£7,040,000"
214056,Daniel Amartey,1003,Leicester City,Centre-Back,"€ 15,000,000.00","£13,200,000"
215876,Ricardo Pereira,1003,Leicester City,Right-Back,"€ 12,000,000.00","£10,560,000"
246968,Ayoze Pérez,1003,Leicester City,Second Striker,"€ 6,000,000.00","£5,280,000"
249565,Youri Tielemans,1003,Leicester City,Central Midfield,"€ 40,000,000.00","£35,200,000"
260841,Daniel Iversen,1003,Leicester City,Goalkeeper,"€ 2,000,000.00","£1,760,000"
262226,Timothy Castagne,1003,Leicester City,Right-Back,"€ 28,000,000.00","£24,640,000"
274839,Wilfred Ndidi,1003,Leicester City,Defensive Midfield,"€ 40,000,000.00","£35,200,000"
292808,Wout Faes,1003,Leicester City,Centre-Back,"€ 20,000,000.00","£17,600,000"
294057,James Maddison,1003,Leicester City,Attacking Midfield,"€ 55,000,000.00","£48,400,000"
295330,Kelechi Iheanacho,1003,Leicester City,Centre-Forward,"€ 17,000,000.00","£14,960,000"
320141,Caglar Söyüncü,1003,Leicester City,Centre-Back,"€ 22,000,000.00","£19,360,000"
344605,Boubakary Soumaré,1003,Leicester City,Defensive Midfield,"€ 25,000,000.00","£22,000,000"
365172,Patson Daka,1003,Leicester City,Centre-Forward,"€ 20,000,000.00","£17,600,000"
398065,Harvey Barnes,1003,Leicester City,Left Midfield,"€ 32,000,000.00","£28,160,000"
413220,James Justin,1003,Leicester City,Right-Back,"€ 25,000,000.00","£22,000,000"
475188,Kiernan Dewsbury-Hall,1003,Leicester City,Central Midfield,"€ 20,000,000.00","£17,600,000"
505194,Luke Thomas,1003,Leicester City,Left-Back,"€ 10,000,000.00","£8,800,000"
3333,James Milner,31,Liverpool FC,Central Midfield,"€ 2,000,000.00","£1,760,000"
60444,Thiago,31,Liverpool FC,Central Midfield,"€ 18,000,000.00","£15,840,000"
61651,Jordan Henderson,31,Liverpool FC,Central Midfield,"€ 15,000,000.00","£13,200,000"
71271,Adrián,31,Liverpool FC,Goalkeeper,"€ 1,000,000.00","£880,000"
82105,Joel Matip,31,Liverpool FC,Centre-Back,"€ 16,000,000.00","£14,080,000"
105470,Alisson,31,Liverpool FC,Goalkeeper,"€ 50,000,000.00","£44,000,000"
131789,Roberto Firmino,31,Liverpool FC,Centre-Forward,"€ 28,000,000.00","£24,640,000"
139208,Virgil van Dijk,31,Liverpool FC,Centre-Back,"€ 50,000,000.00","£44,000,000"
143424,Alex Oxlade-Chamberlain,31,Liverpool FC,Central Midfield,"€ 10,000,000.00","£8,800,000"
148455,Mohamed Salah,31,Liverpool FC,Right Winger,"€ 80,000,000.00","£70,400,000"
225693,Fabinho,31,Liverpool FC,Defensive Midfield,"€ 55,000,000.00","£48,400,000"
234803,Andrew Robertson,31,Liverpool FC,Left-Back,"€ 55,000,000.00","£48,400,000"
256178,Joe Gomez,31,Liverpool FC,Centre-Back,"€ 30,000,000.00","£26,400,000"
302215,Naby Keïta,31,Liverpool FC,Central Midfield,"€ 20,000,000.00","£17,600,000"
314353,Trent Alexander-Arnold,31,Liverpool FC,Right-Back,"€ 70,000,000.00","£61,600,000"
338070,Konstantinos Tsimikas,31,Liverpool FC,Left-Back,"€ 18,000,000.00","£15,840,000"
340918,Caoimhín Kelleher,31,Liverpool FC,Goalkeeper,"€ 8,000,000.00","£7,040,000"
340950,Diogo Jota,31,Liverpool FC,Left Winger,"€ 55,000,000.00","£48,400,000"
357119,Ibrahima Konaté,31,Liverpool FC,Centre-Back,"€ 35,000,000.00","£30,800,000"
362842,Arthur Melo,31,Liverpool FC,Central Midfield,"€ 18,000,000.00","£15,840,000"
371814,Nathaniel Phillips,31,Liverpool FC,Centre-Back,"€ 6,000,000.00","£5,280,000"
433188,Curtis Jones,31,Liverpool FC,Central Midfield,"€ 22,000,000.00","£19,360,000"
480692,Luis Díaz,31,Liverpool FC,Left Winger,"€ 75,000,000.00","£66,000,000"
546543,Darwin Núñez,31,Liverpool FC,Centre-Forward,"€ 70,000,000.00","£61,600,000"
559263,Fábio Carvalho,31,Liverpool FC,Attacking Midfield,"€ 20,000,000.00","£17,600,000"
565822,Harvey Elliott,31,Liverpool FC,Attacking Midfield,"€ 35,000,000.00","£30,800,000"
633652,Calvin Ramsay,31,Liverpool FC,Right-Back,"€ 5,000,000.00","£4,400,000"
14555,Scott Carson,281,Manchester City,Goalkeeper,"€ 250,000.00","£220,000"
53622,Ilkay Gündogan,281,Manchester City,Central Midfield,"€ 25,000,000.00","£22,000,000"
85941,Stefan Ortega,281,Manchester City,Goalkeeper,"€ 6,000,000.00","£5,280,000"
88755,Kevin De Bruyne,281,Manchester City,Attacking Midfield,"€ 80,000,000.00","£70,400,000"
95424,Kyle Walker,281,Manchester City,Right-Back,"€ 15,000,000.00","£13,200,000"
157495,Benjamin Mendy,281,Manchester City,Left-Back,€ 0.00,£0
171424,Riyad Mahrez,281,Manchester City,Right Winger,"€ 30,000,000.00","£26,400,000"
176553,Aymeric Laporte,281,Manchester City,Centre-Back,"€ 38,000,000.00","£33,440,000"
177476,Nathan Aké,281,Manchester City,Centre-Back,"€ 30,000,000.00","£26,400,000"
182712,João Cancelo,281,Manchester City,Right-Back,"€ 70,000,000.00","£61,600,000"
186590,John Stones,281,Manchester City,Centre-Back,"€ 30,000,000.00","£26,400,000"
203460,Jack Grealish,281,Manchester City,Left Winger,"€ 70,000,000.00","£61,600,000"
238223,Ederson,281,Manchester City,Goalkeeper,"€ 45,000,000.00","£39,600,000"
241641,Bernardo Silva,281,Manchester City,Attacking Midfield,"€ 80,000,000.00","£70,400,000"
258004,Rúben Dias,281,Manchester City,Centre-Back,"€ 75,000,000.00","£66,000,000"
284730,Manuel Akanji,281,Manchester City,Centre-Back,"€ 30,000,000.00","£26,400,000"
351749,Kalvin Phillips,281,Manchester City,Defensive Midfield,"€ 45,000,000.00","£39,600,000"
357565,Rodri,281,Manchester City,Defensive Midfield,"€ 80,000,000.00","£70,400,000"
366930,Sergio Gómez,281,Manchester City,Left-Back,"€ 15,000,000.00","£13,200,000"
406635,Phil Foden,281,Manchester City,Central Midfield,"€ 110,000,000.00","£96,800,000"
418560,Erling Haaland,281,Manchester City,Centre-Forward,"€ 170,000,000.00","£149,600,000"
568177,Cole Palmer,281,Manchester City,Attacking Midfield,"€ 15,000,000.00","£13,200,000"
576024,Julián Álvarez,281,Manchester City,Centre-Forward,"€ 32,000,000.00","£28,160,000"
8198,Cristiano Ronaldo,985,Manchester United,Centre-Forward,"€ 20,000,000.00","£17,600,000"
16306,Casemiro,985,Manchester United,Defensive Midfield,"€ 50,000,000.00","£44,000,000"
34130,Tom Heaton,985,Manchester United,Goalkeeper,"€ 600,000.00","£528,000"
59377,David de Gea,985,Manchester United,Goalkeeper,"€ 15,000,000.00","£13,200,000"
69633,Christian Eriksen,985,Manchester United,Attacking Midfield,"€ 25,000,000.00","£22,000,000"
74960,Martin Dúbravka,985,Manchester United,Goalkeeper,"€ 4,000,000.00","£3,520,000"
117996,Phil Jones,985,Manchester United,Centre-Back,"€ 2,000,000.00","£1,760,000"
164770,Raphaël Varane,985,Manchester United,Centre-Back,"€ 40,000,000.00","£35,200,000"
177907,Harry Maguire,985,Manchester United,Centre-Back,"€ 30,000,000.00","£26,400,000"
182877,Anthony Martial,985,Manchester United,Centre-Forward,"€ 15,000,000.00","£13,200,000"
183288,Luke Shaw,985,Manchester United,Left-Back,"€ 28,000,000.00","£24,640,000"
184573,Victor Lindelöf,985,Manchester United,Centre-Back,"€ 15,000,000.00","£13,200,000"
191614,Fred,985,Manchester United,Central Midfield,"€ 20,000,000.00","£17,600,000"
240306,Bruno Fernandes,985,Manchester United,Attacking Midfield,"€ 75,000,000.00","£66,000,000"
258923,Marcus Rashford,985,Manchester United,Left Winger,"€ 55,000,000.00","£48,400,000"
288255,Donny van de Beek,985,Manchester United,Central Midfield,"€ 20,000,000.00","£17,600,000"
315969,Scott McTominay,985,Manchester United,Defensive Midfield,"€ 30,000,000.00","£26,400,000"
339340,Tyrell Malacia,985,Manchester United,Left-Back,"€ 22,000,000.00","£19,360,000"
342046,Axel Tuanzebe,985,Manchester United,Centre-Back,"€ 6,000,000.00","£5,280,000"
357147,Diogo Dalot,985,Manchester United,Right-Back,"€ 32,000,000.00","£28,160,000"
401173,Jadon Sancho,985,Manchester United,Left Winger,"€ 60,000,000.00","£52,800,000"
477758,Aaron Wan-Bissaka,985,Manchester United,Right-Back,"€ 18,000,000.00","£15,840,000"
480762,Lisandro Martínez,985,Manchester United,Centre-Back,"€ 50,000,000.00","£44,000,000"
507700,Brandon Williams,985,Manchester United,Left-Back,"€ 10,000,000.00","£8,800,000"
532826,Mason Greenwood,985,Manchester United,Right Winger,€ 0.00,£0
548470,Teden Mengi,985,Manchester United,Centre-Back,"€ 2,000,000.00","£1,760,000"
583189,Anthony Elanga,985,Manchester United,Left Winger,"€ 25,000,000.00","£22,000,000"
602105,Antony,985,Manchester United,Right Winger,"€ 75,000,000.00","£66,000,000"
676318,Facundo Pellistri,985,Manchester United,Right Winger,"€ 3,000,000.00","£2,640,000"
811779,Alejandro Garnacho,985,Manchester United,Left Winger,"€ 5,000,000.00","£4,400,000"
71292,Jonjo Shelvey,762,Newcastle United,Central Midfield,"€ 7,000,000.00","£6,160,000"
85864,Loris Karius,762,Newcastle United,Goalkeeper,"€ 1,500,000.00","£1,320,000"
92469,Matt Ritchie,762,Newcastle United,Right Midfield,"€ 1,800,000.00","£1,584,000"
95810,Kieran Trippier,762,Newcastle United,Right-Back,"€ 13,000,000.00","£11,440,000"
99397,Karl Darlow,762,Newcastle United,Goalkeeper,"€ 1,800,000.00","£1,584,000"
108725,Chris Wood,762,Newcastle United,Centre-Forward,"€ 10,000,000.00","£8,800,000"
123682,Callum Wilson,762,Newcastle United,Centre-Forward,"€ 18,000,000.00","£15,840,000"
134270,Dan Burn,762,Newcastle United,Centre-Back,"€ 12,000,000.00","£10,560,000"
135343,Fabian Schär,762,Newcastle United,Centre-Back,"€ 10,000,000.00","£8,800,000"
142389,Mark Gillespie,762,Newcastle United,Goalkeeper,"€ 300,000.00","£264,000"
146795,Ryan Fraser,762,Newcastle United,Left Winger,"€ 10,000,000.00","£8,800,000"
162029,Javier Manquillo,762,Newcastle United,Right-Back,"€ 3,000,000.00","£2,640,000"
170321,Paul Dummett,762,Newcastle United,Left-Back,"€ 1,200,000.00","£1,056,000"
183318,Jamaal Lascelles,762,Newcastle United,Centre-Back,"€ 7,000,000.00","£6,160,000"
184528,Emil Krafth,762,Newcastle United,Right-Back,"€ 4,000,000.00","£3,520,000"
192080,Nick Pope,762,Newcastle United,Goalkeeper,"€ 18,000,000.00","£15,840,000"
199527,Jacob Murphy,762,Newcastle United,Right Winger,"€ 10,000,000.00","£8,800,000"
250478,Matt Targett,762,Newcastle United,Left-Back,"€ 15,000,000.00","£13,200,000"
272642,Allan Saint-Maximin,762,Newcastle United,Left Winger,"€ 40,000,000.00","£35,200,000"
272999,Miguel Almirón,762,Newcastle United,Attacking Midfield,"€ 20,000,000.00","£17,600,000"
333241,Joelinton,762,Newcastle United,Attacking Midfield,"€ 32,000,000.00","£28,160,000"
340329,Joe Willock,762,Newcastle United,Central Midfield,"€ 30,000,000.00","£26,400,000"
346018,Jamal Lewis,762,Newcastle United,Left-Back,"€ 8,000,000.00","£7,040,000"
346707,Sean Longstaff,762,Newcastle United,Central Midfield,"€ 22,000,000.00","£19,360,000"
349066,Alexander Isak,762,Newcastle United,Centre-Forward,"€ 50,000,000.00","£44,000,000"
361093,Sven Botman,762,Newcastle United,Centre-Back,"€ 38,000,000.00","£33,440,000"
520624,Bruno Guimarães,762,Newcastle United,Defensive Midfield,"€ 60,000,000.00","£52,800,000"
567576,Elliot Anderson,762,Newcastle United,Attacking Midfield,"€ 3,500,000.00","£3,080,000"
45494,Wayne Hennessey,703,Nottingham Forest,Goalkeeper,"€ 500,000.00","£440,000"
55742,Harry Arter,703,Nottingham Forest,Central Midfield,"€ 600,000.00","£528,000"
61644,Jack Colback,703,Nottingham Forest,Defensive Midfield,"€ 800,000.00","£704,000"
66934,Cheikhou Kouyaté,703,Nottingham Forest,Defensive Midfield,"€ 3,000,000.00","£2,640,000"
90836,Steve Cook,703,Nottingham Forest,Centre-Back,"€ 3,000,000.00","£2,640,000"
104495,Lyle Taylor,703,Nottingham Forest,Centre-Forward,"€ 350,000.00","£308,000"
127032,Serge Aurier,703,Nottingham Forest,Right-Back,"€ 6,000,000.00","£5,280,000"
141660,Jesse Lingard,703,Nottingham Forest,Attacking Midfield,"€ 14,000,000.00","£12,320,000"
142310,Willy Boly,703,Nottingham Forest,Centre-Back,"€ 4,000,000.00","£3,520,000"
148252,Remo Freuler,703,Nottingham Forest,Central Midfield,"€ 13,000,000.00","£11,440,000"
198516,Harry Toffolo,703,Nottingham Forest,Left-Back,"€ 3,500,000.00","£3,080,000"
203655,Cafú,703,Nottingham Forest,Central Midfield,"€ 600,000.00","£528,000"
255906,Scott McKenna,703,Nottingham Forest,Centre-Back,"€ 10,000,000.00","£8,800,000"
258919,Dean Henderson,703,Nottingham Forest,Goalkeeper,"€ 22,000,000.00","£19,360,000"
289592,Orel Mangala,703,Nottingham Forest,Central Midfield,"€ 12,000,000.00","£10,560,000"
291200,Moussa Niakhaté,703,Nottingham Forest,Centre-Back,"€ 18,000,000.00","£15,840,000"
295313,Taiwo Awoniyi,703,Nottingham Forest,Centre-Forward,"€ 20,000,000.00","£17,600,000"
354017,Adnan Kanuric,703,Nottingham Forest,Goalkeeper,"€ 150,000.00","£132,000"
398402,Sam Surridge,703,Nottingham Forest,Centre-Forward,"€ 3,500,000.00","£3,080,000"
415970,Joe Worrall,703,Nottingham Forest,Centre-Back,"€ 8,000,000.00","£7,040,000"
424881,Omar Richards,703,Nottingham Forest,Left-Back,"€ 7,000,000.00","£6,160,000"
425902,Ryan Yates,703,Nottingham Forest,Central Midfield,"€ 8,000,000.00","£7,040,000"
429014,Morgan Gibbs-White,703,Nottingham Forest,Attacking Midfield,"€ 25,000,000.00","£22,000,000"
448854,Emmanuel Dennis,703,Nottingham Forest,Centre-Forward,"€ 12,000,000.00","£10,560,000"
452707,Jordan Smith,703,Nottingham Forest,Goalkeeper,"€ 300,000.00","£264,000"
463610,Loïc Mbe Soh,703,Nottingham Forest,Centre-Back,"€ 2,500,000.00","£2,200,000"
470607,Brennan Johnson,703,Nottingham Forest,Second Striker,"€ 20,000,000.00","£17,600,000"
476352,Renan Lodi,703,Nottingham Forest,Left-Back,"€ 20,000,000.00","£17,600,000"
503680,Neco Williams,703,Nottingham Forest,Right-Back,"€ 18,000,000.00","£15,840,000"
536507,Giulian Biancone,703,Nottingham Forest,Right-Back,"€ 7,000,000.00","£6,160,000"
560694,Lewis O'Brien,703,Nottingham Forest,Central Midfield,"€ 8,000,000.00","£7,040,000"
730581,Loïc Badé,703,Nottingham Forest,Centre-Back,"€ 10,000,000.00","£8,800,000"
19948,Willy Caballero,180,Southampton FC,Goalkeeper,"€ 200,000.00","£176,000"
33713,Theo Walcott,180,Southampton FC,Right Winger,"€ 1,800,000.00","£1,584,000"
95976,Alex McCarthy,180,Southampton FC,Goalkeeper,"€ 2,000,000.00","£1,760,000"
130765,Stuart Armstrong,180,Southampton FC,Central Midfield,"€ 6,000,000.00","£5,280,000"
181579,James Ward-Prowse,180,Southampton FC,Central Midfield,"€ 35,000,000.00","£30,800,000"
186644,Mohamed Elyounoussi,180,Southampton FC,Left Winger,"€ 12,000,000.00","£10,560,000"
238266,Duje Caleta-Car,180,Southampton FC,Centre-Back,"€ 14,000,000.00","£12,320,000"
250426,Adam Armstrong,180,Southampton FC,Centre-Forward,"€ 15,000,000.00","£13,200,000"
285845,Ainsley Maitland-Niles,180,Southampton FC,Right Midfield,"€ 8,000,000.00","£7,040,000"
318523,Romain Perraud,180,Southampton FC,Left-Back,"€ 10,000,000.00","£8,800,000"
341051,Kyle Walker-Peters,180,Southampton FC,Right-Back,"€ 25,000,000.00","£22,000,000"
346779,Ché Adams,180,Southampton FC,Centre-Forward,"€ 22,000,000.00","£19,360,000"
379807,Lyanco,180,Southampton FC,Centre-Back,"€ 4,000,000.00","£3,520,000"
413032,Ibrahima Diallo,180,Southampton FC,Defensive Midfield,"€ 8,000,000.00","£7,040,000"
467563,Armel Bella-Kotchap,180,Southampton FC,Centre-Back,"€ 18,000,000.00","£15,840,000"
468198,Joe Aribo,180,Southampton FC,Central Midfield,"€ 15,000,000.00","£13,200,000"
485424,Moussa Djenepo,180,Southampton FC,Left Winger,"€ 10,000,000.00","£8,800,000"
503981,Tino Livramento,180,Southampton FC,Right-Back,"€ 25,000,000.00","£22,000,000"
557612,Sékou Mara,180,Southampton FC,Centre-Forward,"€ 12,000,000.00","£10,560,000"
563963,Mohammed Salisu,180,Southampton FC,Centre-Back,"€ 18,000,000.00","£15,840,000"
585550,Gavin Bazunu,180,Southampton FC,Goalkeeper,"€ 15,000,000.00","£13,200,000"
628451,Roméo Lavia,180,Southampton FC,Defensive Midfield,"€ 25,000,000.00","£22,000,000"
646738,Juan Larios,180,Southampton FC,Left-Back,"€ 7,000,000.00","£6,160,000"
680806,Samuel Edozie,180,Southampton FC,Left Winger,"€ 7,000,000.00","£6,160,000"
17965,Hugo Lloris,148,Tottenham Hotspur,Goalkeeper,"€ 7,000,000.00","£6,160,000"
42460,Ivan Perisic,148,Tottenham Hotspur,Left Midfield,"€ 10,000,000.00","£8,800,000"
52570,Fraser Forster,148,Tottenham Hotspur,Goalkeeper,"€ 1,500,000.00","£1,320,000"
77100,Lucas Moura,148,Tottenham Hotspur,Right Winger,"€ 12,000,000.00","£10,560,000"
91845,Heung-min Son,148,Tottenham Hotspur,Left Winger,"€ 70,000,000.00","£61,600,000"
132098,Harry Kane,148,Tottenham Hotspur,Centre-Forward,"€ 90,000,000.00","£79,200,000"
167799,Pierre-Emile Höjbjerg,148,Tottenham Hotspur,Central Midfield,"€ 45,000,000.00","£39,600,000"
171679,Matt Doherty,148,Tottenham Hotspur,Right-Back,"€ 12,000,000.00","£10,560,000"
175722,Eric Dier,148,Tottenham Hotspur,Centre-Back,"€ 30,000,000.00","£26,400,000"
182904,Clément Lenglet,148,Tottenham Hotspur,Centre-Back,"€ 12,000,000.00","£10,560,000"
192765,Ben Davies,148,Tottenham Hotspur,Left-Back,"€ 20,000,000.00","£17,600,000"
341429,Davinson Sánchez,148,Tottenham Hotspur,Centre-Back,"€ 25,000,000.00","£22,000,000"
346478,Japhet Tanganga,148,Tottenham Hotspur,Centre-Back,"€ 9,000,000.00","£7,920,000"
354362,Rodrigo Bentancur,148,Tottenham Hotspur,Central Midfield,"€ 40,000,000.00","£35,200,000"
355915,Cristian Romero,148,Tottenham Hotspur,Centre-Back,"€ 55,000,000.00","£48,400,000"
378710,Richarlison,148,Tottenham Hotspur,Centre-Forward,"€ 50,000,000.00","£44,000,000"
392775,Ryan Sessegnon,148,Tottenham Hotspur,Left Midfield,"€ 22,000,000.00","£19,360,000"
406638,Oliver Skipp,148,Tottenham Hotspur,Defensive Midfield,"€ 15,000,000.00","£13,200,000"
410425,Yves Bissouma,148,Tottenham Hotspur,Central Midfield,"€ 32,000,000.00","£28,160,000"
428016,Brandon Austin,148,Tottenham Hotspur,Goalkeeper,"€ 300,000.00","£264,000"
431755,Dejan Kulusevski,148,Tottenham Hotspur,Right Winger,"€ 50,000,000.00","£44,000,000"
476344,Emerson Royal,148,Tottenham Hotspur,Right-Back,"€ 30,000,000.00","£26,400,000"
483348,Djed Spence,148,Tottenham Hotspur,Right-Back,"€ 13,000,000.00","£11,440,000"
537382,Bryan Gil,148,Tottenham Hotspur,Left Winger,"€ 12,000,000.00","£10,560,000"
568693,Pape Matar Sarr,148,Tottenham Hotspur,Central Midfield,"€ 15,000,000.00","£13,200,000"
29692,Lukasz Fabianski,379,West Ham United,Goalkeeper,"€ 1,000,000.00","£880,000"
48002,Angelo Ogbonna,379,West Ham United,Centre-Back,"€ 1,000,000.00","£880,000"
51321,Darren Randolph,379,West Ham United,Goalkeeper,"€ 500,000.00","£440,000"
92571,Aaron Cresswell,379,West Ham United,Left-Back,"€ 2,500,000.00","£2,200,000"
104124,Michail Antonio,379,West Ham United,Centre-Forward,"€ 9,000,000.00","£7,920,000"
120629,Alphonse Areola,379,West Ham United,Goalkeeper,"€ 8,000,000.00","£7,040,000"
121477,Craig Dawson,379,West Ham United,Centre-Back,"€ 2,500,000.00","£2,200,000"
135853,Manuel Lanzini,379,West Ham United,Attacking Midfield,"€ 10,000,000.00","£8,800,000"
157509,Kurt Zouma,379,West Ham United,Centre-Back,"€ 32,000,000.00","£28,160,000"
157672,Vladimir Coufal,379,West Ham United,Right-Back,"€ 9,000,000.00","£7,920,000"
181778,Emerson,379,West Ham United,Left-Back,"€ 12,000,000.00","£10,560,000"
228948,Thilo Kehrer,379,West Ham United,Centre-Back,"€ 22,000,000.00","£19,360,000"
234781,Maxwel Cornet,379,West Ham United,Left Winger,"€ 15,000,000.00","£13,200,000"
283628,Tomas Soucek,379,West Ham United,Defensive Midfield,"€ 45,000,000.00","£39,600,000"
290532,Saïd Benrahma,379,West Ham United,Left Winger,"€ 22,000,000.00","£19,360,000"
314875,Jarrod Bowen,379,West Ham United,Right Winger,"€ 42,000,000.00","£36,960,000"
315867,Gianluca Scamacca,379,West Ham United,Centre-Forward,"€ 30,000,000.00","£26,400,000"
357662,Declan Rice,379,West Ham United,Defensive Midfield,"€ 80,000,000.00","£70,400,000"
357885,Pablo Fornals,379,West Ham United,Attacking Midfield,"€ 25,000,000.00","£22,000,000"
361914,Nayef Aguerd,379,West Ham United,Centre-Back,"€ 25,000,000.00","£22,000,000"
419025,Conor Coventry,379,West Ham United,Defensive Midfield,"€ 1,000,000.00","£880,000"
444523,Lucas Paquetá,379,West Ham United,Attacking Midfield,"€ 45,000,000.00","£39,600,000"
468002,Ben Johnson,379,West Ham United,Right-Back,"€ 12,000,000.00","£10,560,000"
506189,Flynn Downes,379,West Ham United,Central Midfield,"€ 8,000,000.00","£7,040,000"
29364,João Moutinho,543,Wolverhampton Wanderers,Central Midfield,"€ 2,000,000.00","£1,760,000"
44779,Diego Costa,543,Wolverhampton Wanderers,Centre-Forward,"€ 3,500,000.00","£3,080,000"
175446,Jonny Otto,543,Wolverhampton Wanderers,Left-Back,"€ 17,000,000.00","£14,960,000"
181781,Léo Bonatini,543,Wolverhampton Wanderers,Centre-Forward,"€ 500,000.00","£440,000"
204103,Adama Traoré,543,Wolverhampton Wanderers,Right Winger,"€ 15,000,000.00","£13,200,000"
206040,Raúl Jiménez,543,Wolverhampton Wanderers,Centre-Forward,"€ 12,000,000.00","£10,560,000"
225122,Gonçalo Guedes,543,Wolverhampton Wanderers,Left Winger,"€ 32,000,000.00","£28,160,000"
225161,Rúben Neves,543,Wolverhampton Wanderers,Defensive Midfield,"€ 40,000,000.00","£35,200,000"
231572,Nélson Semedo,543,Wolverhampton Wanderers,Right-Back,"€ 18,000,000.00","£15,840,000"
249994,José Sá,543,Wolverhampton Wanderers,Goalkeeper,"€ 18,000,000.00","£15,840,000"
256977,Daniel Podence,543,Wolverhampton Wanderers,Right Winger,"€ 20,000,000.00","£17,600,000"
292246,Hee-chan Hwang,543,Wolverhampton Wanderers,Centre-Forward,"€ 12,000,000.00","£10,560,000"
293257,Matija Sarkic,543,Wolverhampton Wanderers,Goalkeeper,"€ 2,000,000.00","£1,760,000"
337787,Connor Ronan,543,Wolverhampton Wanderers,Central Midfield,"€ 800,000.00","£704,000"
369567,Sasa Kalajdzic,543,Wolverhampton Wanderers,Centre-Forward,"€ 18,000,000.00","£15,840,000"
469050,Nathan Collins,543,Wolverhampton Wanderers,Centre-Back,"€ 22,000,000.00","£19,360,000"
487465,Pedro Neto,543,Wolverhampton Wanderers,Left Winger,"€ 32,000,000.00","£28,160,000"
525247,Max Kilman,543,Wolverhampton Wanderers,Centre-Back,"€ 20,000,000.00","£17,600,000"
578391,Rayan Aït-Nouri,543,Wolverhampton Wanderers,Left-Back,"€ 22,000,000.00","£19,360,000"
601883,Matheus Nunes,543,Wolverhampton Wanderers,Central Midfield,"€ 45,000,000.00","£39,600,000"
606718,Toti,543,Wolverhampton Wanderers,Centre-Back,"€ 2,500,000.00","£2,200,000"
649020,Boubacar Traoré,543,Wolverhampton Wanderers,Central Midfield,"€ 5,000,000.00","£4,400,000"
695454,Chiquinho,543,Wolverhampton Wanderers,Left Winger,"€ 2,500,000.00","£2,200,000"
716276,Yerson Mosquera,543,Wolverhampton Wanderers,Centre-Back,"€ 3,000,000.00","£2,640,000"