,Unnamed: 0,Est. Base Salary  Estimates are not inclusive of bonuses or incentives. Actual salaries may vary.,Est. Base Salary  Estimates are not inclusive of bonuses or incentives. Actual salaries may vary..1,Est. Bonus  Bonuses are non-guaranteed earnings. Coverage is limited.,Contract Details  Remaining contract does not include non-guaranteed bonus estimates.,Contract Details  Remaining contract does not include non-guaranteed bonus estimates..1,Contract Details  Remaining contract does not include non-guaranteed bonus estimates..2,Contract Details  Remaining contract does not include non-guaranteed bonus estimates..3,Bio,Bio.1,Bio.2,Bio.3,Bio.4,Unnamed: 14,Team,League,Season
0,Player,Gross P/W(IN GBP),Gross P/Y(IN GBP),Gross(IN GBP),"Expiration Jun 30, 2023Jun 30, 2024Jun 30, 2025Jun 30, 2026Jun 30, 2027",Length 1-yr2-yrs3-yrs4-yrs5-yrs,GrossRemaining(IN GBP),ReleaseClause(IN GBP),Pos. DFKM,Pos. AMCBCFCMDMGKLBLWRBRMRW,Age,Status ReserveStarter,Country,Active,Arsenal,Premier League,2022-2023
1,Gabriel Jesus,"£ 265,000","£ 13,780,000",,"Jun 30, 2027",5-yrs,"£ 68,900,000",,F,CF,25,Starter,Brazil,,Arsenal,Premier League,2022-2023
2,Thomas Partey,"£ 200,000","£ 10,400,000",,"Jun 30, 2025",3-yrs,"£ 31,200,000",,M,DM,29,Starter,Ghana,,Arsenal,Premier League,2022-2023
3,Oleksandr Zinchenko,"£ 150,000","£ 7,800,000",,"Jun 30, 2026",4-yrs,"£ 31,200,000",,D,LB,25,Reserve,Ukraine,,Arsenal,Premier League,2022-2023
4,Ben White,"£ 120,000","£ 6,240,000",,"Jun 30, 2026",4-yrs,"£ 24,960,000",,D,CB,24,Starter,England,,Arsenal,Premier League,2022-2023
5,Granit Xhaka,"£ 120,000","£ 6,240,000",,"Jun 30, 2024",2-yrs,"£ 12,480,000",,M,DM,29,Starter,Switzerland,,Arsenal,Premier League,2022-2023
6,Martin Ødegaard,"£ 115,000","£ 5,980,000",,"Jun 30, 2025",3-yrs,"£ 17,940,000",,F,AM,23,Reserve,Norway,,Arsenal,Premier League,2022-2023
7,Kieran Tierney,"£ 110,000","£ 5,720,000",,"Jun 30, 2026",4-yrs,"£ 22,880,000",,D,LB,25,Starter,Scotland,,Arsenal,Premier League,2022-2023
8,Eddie Nketiah,"£ 100,000","£ 5,200,000",,"Jun 30, 2027",5-yrs,"£ 26,000,000",,F,CF,23,Reserve,England,,Arsenal,Premier League,2022-2023
9,Gabriel Martinelli,"£ 90,000","£ 4,680,000",,"Jun 30, 2024",2-yrs,"£ 9,360,000",,F,LW,21,Starter,Brazil,,Arsenal,Premier League,2022-2023
10,Cédric Soares,"£ 75,000","£ 3,900,000",,"Jun 30, 2024",2-yrs,"£ 7,800,000",,D,RB,31,Reserve,Portugal,,Arsenal,Premier League,2022-2023
11,Bukayo Saka,"£ 70,000","£ 3,640,000",,"Jun 30, 2024",2-yrs,"£ 7,280,000",,M,RM,20,Starter,England,,Arsenal,Premier League,2022-2023
12,Aaron Ramsdale,"£ 60,000","£ 3,120,000",,"Jun 30, 2025",3-yrs,"£ 9,360,000",,K,GK,24,Starter,England,,Arsenal,Premier League,2022-2023
13,Takehiro Tomiyasu,"£ 55,000","£ 2,860,000",,"Jun 30, 2025",3-yrs,"£ 8,580,000",,D,RB,23,Reserve,Japan,,Arsenal,Premier League,2022-2023
14,Mohamed Elneny,"£ 55,000","£ 2,860,000",,"Jun 30, 2023",1-yr,"£ 2,860,000",,M,DM,30,Reserve,Egypt,,Arsenal,Premier League,2022-2023
15,Gabriel Magalhães,"£ 50,000","£ 2,600,000",,"Jun 30, 2027",5-yrs,"£ 13,000,000",,D,CB,24,Starter,Brazil,,Arsenal,Premier League,2022-2023
16,Albert Sambi Lokonga,"£ 50,000","£ 2,600,000",,"Jun 30, 2026",4-yrs,"£ 10,400,000",,M,CM,22,Reserve,Belgium,,Arsenal,Premier League,2022-2023
17,Fábio Vieira,"£ 45,000","£ 2,340,000",,"Jun 30, 2027",5-yrs,"£ 11,700,000",,F,AM,22,Starter,Portugal,,Arsenal,Premier League,2022-2023
18,William Saliba,"£ 40,000","£ 2,080,000",,"Jun 30, 2024",2-yrs,"£ 4,160,000",,D,CB,21,Starter,France,,Arsenal,Premier League,2022-2023
19,Emile Smith Rowe,"£ 40,000","£ 2,080,000",,"Jun 30, 2026",4-yrs,"£ 8,320,000",,F,AM,22,Reserve,England,,Arsenal,Premier League,2022-2023
20,Rob Holding,"£ 40,000","£ 2,080,000",,"Jun 30, 2024",2-yrs,"£ 4,160,000",,D,CB,26,Reserve,England,,Arsenal,Premier League,2022-2023
21,Matt Turner,"£ 35,000","£ 1,820,000","£ 660,000","Jun 30, 2025",3-yrs,"£ 5,460,000",,K,GK,28,Reserve,United States,,Arsenal,Premier League,2022-2023
22,Marquinhos,"£ 30,000","£ 1,560,000",,"Jun 30, 2027",5-yrs,"£ 7,800,000",,F,RW,19,Reserve,Brazil,,Arsenal,Premier League,2022-2023
23,Reiss Nelson,"£ 15,000","£ 780,000",,"Jun 30, 2023",1-yr,"£ 780,000",,F,RW,22,Reserve,England,,Arsenal,Premier League,2022-2023
24,Total,"£ 1,930,000","£ 100,360,000","£ 660,000",,,"£ 346,580,000",£ 0,,,,,,,Arsenal,Premier League,2022-2023
0,Player,Gross P/W(IN GBP),Gross P/Y(IN GBP),Gross(IN GBP),"Expiration Jun 30, 2023Jun 30, 2024Jun 30, 2025Jun 30, 2026Jun 30, 2027May 31, 2023",Length 1-yr2-yrs3-yrs4-yrs5-yrs,GrossRemaining(IN GBP),ReleaseClause(IN GBP),Pos. DFKM,Pos. CBCFCMDMGKLBLWRBRW,Age,Status ReserveStarter,Country,Active,Aston Villa,Premier League,2022-2023
1,Lucas Digne,"£ 160,000","£ 8,320,000",,"Jun 30, 2026",4-yrs,"£ 33,280,000",,D,LB,29,Starter,France,,Aston Villa,Premier League,2022-2023
2,Boubacar Kamara,"£ 150,000","£ 7,800,000",,"Jun 30, 2027",5-yrs,"£ 39,000,000",,M,DM,22,Starter,France,,Aston Villa,Premier League,2022-2023
3,Philippe Coutinho,"£ 125,000","£ 6,500,000",,"Jun 30, 2026",4-yrs,"£ 26,000,000",,F,LW,30,Starter,Brazil,,Aston Villa,Premier League,2022-2023
4,Emiliano Martínez,"£ 120,000","£ 6,240,000",,"Jun 30, 2027",5-yrs,"£ 31,200,000",,K,GK,30,Starter,Argentina,,Aston Villa,Premier League,2022-2023
5,Danny Ings,"£ 120,000","£ 6,240,000",,"Jun 30, 2024",2-yrs,"£ 12,480,000",,F,CF,30,Reserve,England,,Aston Villa,Premier League,2022-2023
6,Diego Carlos,"£ 100,000","£ 5,200,000",,"Jun 30, 2026",4-yrs,"£ 20,800,000",,D,CB,29,Reserve,Brazil,,Aston Villa,Premier League,2022-2023
7,Leon Bailey,"£ 100,000","£ 5,200,000",,"Jun 30, 2025",3-yrs,"£ 15,600,000",,F,LW,25,Starter,Jamaica,,Aston Villa,Premier League,2022-2023
8,Leander Dendoncker,"£ 90,000","£ 4,680,000",,"Jun 30, 2023",1-yr,"£ 4,680,000",,M,DM,27,Reserve,Belgium,,Aston Villa,Premier League,2022-2023
9,Matty Cash,"£ 80,000","£ 4,160,000",,"Jun 30, 2027",5-yrs,"£ 20,800,000",,D,RB,25,Reserve,Poland,,Aston Villa,Premier League,2022-2023
10,Tyrone Mings,"£ 80,000","£ 4,160,000",,"Jun 30, 2024",2-yrs,"£ 8,320,000",,D,CB,29,Starter,England,,Aston Villa,Premier League,2022-2023
11,Emiliano Buendía,"£ 75,000","£ 3,900,000",,"Jun 30, 2026",4-yrs,"£ 15,600,000",,F,RW,25,Reserve,Argentina,,Aston Villa,Premier League,2022-2023
12,Ollie Watkins,"£ 75,000","£ 3,900,000",,"Jun 30, 2025",3-yrs,"£ 11,700,000",,F,CF,26,Starter,England,,Aston Villa,Premier League,2022-2023
13,Douglas Luiz,"£ 75,000","£ 3,900,000",,"Jun 30, 2026",4-yrs,"£ 15,600,000",,M,DM,24,Reserve,Brazil,,Aston Villa,Premier League,2022-2023
14,Jacob Ramsey,"£ 70,000","£ 3,640,000",,"Jun 30, 2027",5-yrs,"£ 18,200,000",,M,CM,21,Starter,England,,Aston Villa,Premier League,2022-2023
15,Jan Bednarek,"£ 60,000","£ 3,120,000",,"May 31, 2023",1-yr,"£ 3,120,000",,D,CB,26,Reserve,Poland,,Aston Villa,Premier League,2022-2023
16,John McGinn,"£ 55,000","£ 2,860,000",,"Jun 30, 2025",3-yrs,"£ 8,580,000",,M,CM,27,Starter,Scotland,,Aston Villa,Premier League,2022-2023
17,Ashley Young,"£ 50,000","£ 2,600,000",,"Jun 30, 2023",1-yr,"£ 2,600,000",,D,LB,37,Starter,England,,Aston Villa,Premier League,2022-2023
18,Calum Chambers,"£ 50,000","£ 2,600,000",,"Jun 30, 2025",3-yrs,"£ 7,800,000",,D,CB,27,Reserve,England,,Aston Villa,Premier League,2022-2023
19,Robin Olsen,"£ 50,000","£ 2,600,000","£ 1,560,000","Jun 30, 2023",1-yr,"£ 2,600,000",,K,GK,32,Reserve,Sweden,,Aston Villa,Premier League,2022-2023
20,Morgan Sanson,"£ 45,000","£ 2,340,000",,"Jun 30, 2025",3-yrs,"£ 7,020,000",,M,CM,28,Reserve,France,,Aston Villa,Premier League,2022-2023
21,Keinan Davis,"£ 45,000","£ 2,340,000",,"Jun 30, 2024",2-yrs,"£ 4,680,000",,F,CF,24,Reserve,England,,Aston Villa,Premier League,2022-2023
22,Frédéric Guilbert,"£ 40,000","£ 2,080,000",,"Jun 30, 2023",1-yr,"£ 2,080,000",,D,RB,27,Reserve,France,,Aston Villa,Premier League,2022-2023
23,Ezri Konsa,"£ 30,000","£ 1,560,000",,"Jun 30, 2026",4-yrs,"£ 6,240,000",,D,CB,24,Starter,England,,Aston Villa,Premier League,2022-2023
24,Marvelous Nakamba,"£ 30,000","£ 1,560,000",,"Jun 30, 2024",2-yrs,"£ 3,120,000",,M,DM,28,Reserve,Zimbabwe,,Aston Villa,Premier League,2022-2023
25,Jed Steer,"£ 20,000","£ 1,040,000",,"Jun 30, 2023",1-yr,"£ 1,040,000",,K,GK,29,Reserve,England,,Aston Villa,Premier League,2022-2023
26,Ludwig Augustinsson,"£ 20,000","£ 1,040,000",,"Jun 30, 2023",1-yr,"£ 1,040,000",,D,LB,28,Reserve,Sweden,,Aston Villa,Premier League,2022-2023
27,Cameron Archer,"£ 20,000","£ 1,040,000",,"Jun 30, 2027",5-yrs,"£ 5,200,000",,F,CF,20,Reserve,England,,Aston Villa,Premier League,2022-2023
28,Total,"£ 1,935,000","£ 100,620,000","£ 1,560,000",,,"£ 328,380,000",£ 0,,,,,,,Aston Villa,Premier League,2022-2023
0,Player,Gross P/W(IN GBP),Gross P/Y(IN GBP),Gross(IN GBP),"Expiration Jun 30, 2023Jun 30, 2024Jun 30, 2025Jun 30, 2026Jun 30, 2027May 31, 2023",Length 1-yr2-yrs3-yrs4-yrs5-yrs,GrossRemaining(IN GBP),ReleaseClause(IN GBP),Pos. DFKM,Pos. AMCBCFCMDMGKLBLWRBRW,Age,Status ReserveStarter,Country,Active,Bournemouth,Premier League,2022-2023
1,Jefferson Lerma,"£ 55,000","£ 2,860,000",,"Jun 30, 2023",1-yr,"£ 2,860,000",,M,DM,27,Starter,Colombia,,Bournemouth,Premier League,2022-2023
2,Marcos Senesi,"£ 50,000","£ 2,600,000",,"Jun 30, 2026",4-yrs,"£ 10,400,000",,D,CB,25,Starter,Argentina,,Bournemouth,Premier League,2022-2023
3,David Brooks,"£ 50,000","£ 2,600,000",,"Jun 30, 2026",4-yrs,"£ 10,400,000",,F,RW,25,Reserve,Wales,,Bournemouth,Premier League,2022-2023
4,Dominic Solanke,"£ 50,000","£ 2,600,000",,"Jun 30, 2026",4-yrs,"£ 10,400,000",,F,CF,24,Starter,England,,Bournemouth,Premier League,2022-2023
5,Neto,"£ 50,000","£ 2,600,000",,"Jun 30, 2023",1-yr,"£ 2,600,000",,K,GK,33,Starter,Brazil,,Bournemouth,Premier League,2022-2023
6,Jack Stephens,"£ 45,000","£ 2,340,000",,"May 31, 2023",1-yr,"£ 2,340,000",,D,CB,28,Reserve,England,,Bournemouth,Premier League,2022-2023
7,Lewis Cook,"£ 40,000","£ 2,080,000",,"Jun 30, 2025",3-yrs,"£ 6,240,000",,M,CM,25,Starter,England,,Bournemouth,Premier League,2022-2023
8,Philip Billing,"£ 40,000","£ 2,080,000",,"Jun 30, 2024",2-yrs,"£ 4,160,000",,M,CM,26,Starter,Denmark,,Bournemouth,Premier League,2022-2023
9,Ryan Fredericks,"£ 35,000","£ 1,820,000",,"Jun 30, 2024",2-yrs,"£ 3,640,000",,D,RB,29,Reserve,England,,Bournemouth,Premier League,2022-2023
10,Chris Mepham,"£ 35,000","£ 1,820,000",,"Jun 30, 2023",1-yr,"£ 1,820,000",,D,CB,24,Starter,Wales,,Bournemouth,Premier League,2022-2023
11,Adam Smith,"£ 35,000","£ 1,820,000",,"Jun 30, 2024",2-yrs,"£ 3,640,000",,D,RB,31,Starter,England,,Bournemouth,Premier League,2022-2023
12,Junior Stanislas,"£ 35,000","£ 1,820,000",,"Jun 30, 2023",1-yr,"£ 1,820,000",,F,LW,32,Reserve,England,,Bournemouth,Premier League,2022-2023
13,Ryan Christie,"£ 30,000","£ 1,560,000",,"Jun 30, 2024",2-yrs,"£ 3,120,000",,F,AM,27,Starter,Scotland,,Bournemouth,Premier League,2022-2023
14,Lloyd Kelly,"£ 30,000","£ 1,560,000",,"Jun 30, 2024",2-yrs,"£ 3,120,000",,D,CB,23,Reserve,England,,Bournemouth,Premier League,2022-2023
15,Jack Stacey,"£ 30,000","£ 1,560,000",,"Jun 30, 2023",1-yr,"£ 1,560,000",,D,RB,26,Reserve,England,,Bournemouth,Premier League,2022-2023
16,Marcus Tavernier,"£ 20,000","£ 1,040,000",,"Jun 30, 2027",5-yrs,"£ 5,200,000",,M,CM,23,Starter,England,,Bournemouth,Premier League,2022-2023
17,Mark Travers,"£ 20,000","£ 1,040,000",,"Jun 30, 2027",5-yrs,"£ 5,200,000",,K,GK,23,Reserve,Ireland,,Bournemouth,Premier League,2022-2023
18,Kieffer Moore,"£ 15,000","£ 780,000",,"Jun 30, 2025",3-yrs,"£ 2,340,000",,F,CF,30,Reserve,Wales,,Bournemouth,Premier League,2022-2023
19,Emiliano Marcondes,"£ 15,000","£ 780,000",,"Jun 30, 2024",2-yrs,"£ 1,560,000",,F,AM,27,Reserve,Denmark,,Bournemouth,Premier League,2022-2023
20,Jamal Lowe,"£ 12,000","£ 624,000",,"Jun 30, 2023",1-yr,"£ 624,000",,F,RW,28,Reserve,Jamaica,,Bournemouth,Premier League,2022-2023
21,Jaidon Anthony,"£ 10,000","£ 520,000",,"Jun 30, 2023",1-yr,"£ 520,000",,F,LW,22,Reserve,England,,Bournemouth,Premier League,2022-2023
22,Jordan Zemura,"£ 8,000","£ 416,000",,"Jun 30, 2023",1-yr,"£ 416,000",,D,LB,22,Starter,Zimbabwe,,Bournemouth,Premier League,2022-2023
23,Ben Pearson,"£ 8,000","£ 416,000",,"Jun 30, 2024",2-yrs,"£ 832,000",,M,CM,27,Reserve,England,,Bournemouth,Premier League,2022-2023
24,Joe Rothwell,"£ 8,000","£ 416,000",,"Jun 30, 2026",4-yrs,"£ 1,664,000",,M,CM,27,Reserve,England,,Bournemouth,Premier League,2022-2023
25,Siriki Dembélé,"£ 8,000","£ 416,000",,"Jun 30, 2025",3-yrs,"£ 1,248,000",,F,LW,25,Reserve,Scotland,,Bournemouth,Premier League,2022-2023
26,James Hill,"£ 3,000","£ 156,000",,"Jun 30, 2026",4-yrs,"£ 624,000",,D,CB,20,Reserve,England,,Bournemouth,Premier League,2022-2023
27,Will Dennis,"£ 2,000","£ 104,000",,"Jun 30, 2023",1-yr,"£ 104,000",,K,GK,22,Reserve,England,,Bournemouth,Premier League,2022-2023
28,Total,"£ 739,000","£ 38,428,000",£ 0,,,"£ 88,452,000",£ 0,,,,,,,Bournemouth,Premier League,2022-2023
0,Player,Gross P/W(IN GBP),Gross P/Y(IN GBP),Gross(IN GBP),"Expiration Jun 30, 2023Jun 30, 2024Jun 30, 2025Jun 30, 2026Jun 30, 2027Jun 30, 2028",Length 1-yr2-yrs3-yrs4-yrs5-yrs6-yrs,GrossRemaining(IN GBP),ReleaseClause(IN GBP),Pos. DFKM,Pos. AMCBCFCMDMGKLBLWRBRW,Age,Status ReserveStarter,Country,Active,Brentford,Premier League,2022-2023
1,Pontus Jansson,"£ 25,000","£ 1,300,000",,"Jun 30, 2023",1-yr,"£ 1,300,000",,D,CB,31,Starter,Sweden,,Brentford,Premier League,2022-2023
2,David Raya,"£ 25,000","£ 1,300,000",,"Jun 30, 2024",2-yrs,"£ 2,600,000",,K,GK,26,Starter,Spain,,Brentford,Premier League,2022-2023
3,Kristoffer Ajer,"£ 22,115","£ 1,150,000",,"Jun 30, 2026",4-yrs,"£ 4,600,000",,D,CB,24,Starter,Norway,,Brentford,Premier League,2022-2023
4,Ivan Toney,"£ 21,154","£ 1,100,000",,"Jun 30, 2025",3-yrs,"£ 3,300,000",,F,CF,26,Starter,England,,Brentford,Premier League,2022-2023
5,Mathias Jensen,"£ 20,000","£ 1,040,000",,"Jun 30, 2023",1-yr,"£ 1,040,000",,M,CM,26,Starter,Denmark,,Brentford,Premier League,2022-2023
6,Christian Nörgaard,"£ 20,000","£ 1,040,000",,"Jun 30, 2025",3-yrs,"£ 3,120,000",,M,DM,28,Reserve,Denmark,,Brentford,Premier League,2022-2023
7,Bryan Mbeumo,"£ 20,000","£ 1,040,000",,"Jun 30, 2026",4-yrs,"£ 4,160,000",,F,RW,23,Starter,Cameroon,,Brentford,Premier League,2022-2023
8,Frank Onyeka,"£ 18,462","£ 960,000",,"Jun 30, 2026",4-yrs,"£ 3,840,000",,M,CM,24,Reserve,Nigeria,,Brentford,Premier League,2022-2023
9,Joshua Da Silva,"£ 18,077","£ 940,000",,"Jun 30, 2024",2-yrs,"£ 1,880,000",,M,DM,23,Starter,England,,Brentford,Premier League,2022-2023
10,Saman Ghoddos,"£ 15,000","£ 780,000",,"Jun 30, 2023",1-yr,"£ 780,000",,F,AM,28,Reserve,Iran,,Brentford,Premier League,2022-2023
11,Ethan Pinnock,"£ 15,000","£ 780,000",,"Jun 30, 2025",3-yrs,"£ 2,340,000",,D,CB,29,Reserve,Jamaica,,Brentford,Premier League,2022-2023
12,Sergi Canós,"£ 15,000","£ 780,000",,"Jun 30, 2023",1-yr,"£ 780,000",,F,RW,25,Reserve,Spain,,Brentford,Premier League,2022-2023
13,Shandon Baptiste,"£ 11,923","£ 620,000",,"Jun 30, 2024",2-yrs,"£ 1,240,000",,M,CM,24,Reserve,Grenada,,Brentford,Premier League,2022-2023
14,Rico Henry,"£ 11,923","£ 620,000",,"Jun 30, 2026",4-yrs,"£ 2,480,000",,D,LB,25,Starter,England,,Brentford,Premier League,2022-2023
15,Yoane Wissa,"£ 11,923","£ 620,000",,"Jun 30, 2025",3-yrs,"£ 1,860,000",,F,LW,25,Reserve,Democratic Republic of the Congo,,Brentford,Premier League,2022-2023
16,Vitaly Janelt,"£ 10,000","£ 520,000",,"Jun 30, 2026",4-yrs,"£ 2,080,000",,M,DM,24,Starter,Germany,,Brentford,Premier League,2022-2023
17,Charlie Goode,"£ 7,500","£ 390,000",,"Jun 30, 2024",2-yrs,"£ 780,000",,D,CB,27,Reserve,England,,Brentford,Premier League,2022-2023
18,Mads Roerslev Rasmussen,"£ 5,000","£ 260,000",,"Jun 30, 2024",2-yrs,"£ 520,000",,D,RB,23,Reserve,Denmark,,Brentford,Premier League,2022-2023
19,Zanka,£ 0,£ 0,,"Jun 30, 2023",1-yr,£ 0,,D,CB,32,Reserve,Denmark,,Brentford,Premier League,2022-2023
20,Ben Mee,£ 0,£ 0,,"Jun 30, 2024",2-yrs,£ 0,,D,CB,32,Starter,England,,Brentford,Premier League,2022-2023
21,Keane Lewis-Potter,£ 0,£ 0,,"Jun 30, 2028",6-yrs,£ 0,,F,LW,21,Reserve,England,,Brentford,Premier League,2022-2023
22,Mikkel Damsgaard,£ 0,£ 0,,"Jun 30, 2027",5-yrs,£ 0,,F,LW,22,Reserve,Denmark,,Brentford,Premier League,2022-2023
23,Thomas Strakosha,£ 0,£ 0,,"Jun 30, 2026",4-yrs,£ 0,,K,GK,27,Reserve,Albania,,Brentford,Premier League,2022-2023
24,Aaron Hickey,£ 0,£ 0,,"Jun 30, 2026",4-yrs,£ 0,,D,LB,20,Starter,Scotland,,Brentford,Premier League,2022-2023
25,Total,"£ 293,077","£ 15,240,000",£ 0,,,"£ 38,700,000",£ 0,,,,,,,Brentford,Premier League,2022-2023
0,Player,Gross P/W(IN GBP),Gross P/Y(IN GBP),Gross(IN GBP),"Expiration Jun 30, 2023Jun 30, 2024Jun 30, 2025Jun 30, 2026Jun 30, 2027May 31, 2023",Length 1-yr2-yrs3-yrs4-yrs5-yrs,GrossRemaining(IN GBP),ReleaseClause(IN GBP),Pos. DFKM,Pos. AMCBCFCMGKLBLMLWRBSS,Age,Status ReserveStarter,Country,Active,Brighton,Premier League,2022-2023
1,Adam Lallana,"£ 90,385","£ 4,700,000",,"Jun 30, 2023",1-yr,"£ 4,700,000",,F,AM,34,Reserve,England,,Brighton,Premier League,2022-2023
2,Danny Welbeck,"£ 55,000","£ 2,860,000",,"Jun 30, 2024",2-yrs,"£ 5,720,000",,F,CF,31,Starter,England,,Brighton,Premier League,2022-2023
3,Pascal Groß,"£ 50,000","£ 2,600,000",,"Jun 30, 2024",2-yrs,"£ 5,200,000",,M,CM,31,Starter,Germany,,Brighton,Premier League,2022-2023
4,Lewis Dunk,"£ 45,000","£ 2,340,000",,"Jun 30, 2025",3-yrs,"£ 7,020,000",,D,CB,30,Starter,England,,Brighton,Premier League,2022-2023
5,Leandro Trossard,"£ 42,500","£ 2,210,000",,"Jun 30, 2023",1-yr,"£ 2,210,000",,F,LW,27,Starter,Belgium,,Brighton,Premier League,2022-2023
6,Joël Veltman,"£ 38,462","£ 2,000,000",,"Jun 30, 2023",1-yr,"£ 2,000,000",,D,RB,30,Starter,Netherlands,,Brighton,Premier League,2022-2023
7,Adam Webster,"£ 38,077","£ 1,980,000",,"Jun 30, 2026",4-yrs,"£ 7,920,000",,D,CB,27,Starter,England,,Brighton,Premier League,2022-2023
8,Tariq Lamptey,"£ 35,000","£ 1,820,000",,"Jun 30, 2025",3-yrs,"£ 5,460,000",,D,RB,21,Reserve,Ghana,,Brighton,Premier League,2022-2023
9,Alexis Mac Allister,"£ 30,769","£ 1,600,000",,"Jun 30, 2023",1-yr,"£ 1,600,000",,F,AM,23,Starter,Argentina,,Brighton,Premier League,2022-2023
10,Solly March,"£ 30,000","£ 1,560,000",,"Jun 30, 2024",2-yrs,"£ 3,120,000",,M,LM,28,Starter,England,,Brighton,Premier League,2022-2023
11,Jason Steele,"£ 15,962","£ 830,000",,"Jun 30, 2023",1-yr,"£ 830,000",,K,GK,32,Reserve,England,,Brighton,Premier League,2022-2023
12,Jakub Moder,"£ 10,000","£ 520,000",,"Jun 30, 2025",3-yrs,"£ 1,560,000",,M,CM,23,Reserve,Poland,,Brighton,Premier League,2022-2023
13,Robert Sánchez,"£ 10,000","£ 520,000",,"Jun 30, 2025",3-yrs,"£ 1,560,000",,K,GK,24,Starter,Spain,,Brighton,Premier League,2022-2023
14,Jan Paul van Hecke,"£ 4,615","£ 240,000",,"Jun 30, 2023",1-yr,"£ 240,000",,D,CB,22,Reserve,Netherlands,,Brighton,Premier League,2022-2023
15,Moisés Caicedo,"£ 3,462","£ 180,000",,"Jun 30, 2025",3-yrs,"£ 540,000",,M,CM,20,Starter,Ecuador,,Brighton,Premier League,2022-2023
16,Billy Gilmour,£ 0,£ 0,,"Jun 30, 2026",4-yrs,£ 0,,M,CM,21,Reserve,Scotland,,Brighton,Premier League,2022-2023
17,Jeremy Sarmiento,£ 0,£ 0,,"Jun 30, 2026",4-yrs,£ 0,,F,AM,20,Reserve,Ecuador,,Brighton,Premier League,2022-2023
18,Deniz Undav,£ 0,£ 0,,"Jun 30, 2026",4-yrs,£ 0,,F,CF,26,Reserve,Germany,,Brighton,Premier League,2022-2023
19,Julio Enciso,£ 0,£ 0,,"Jun 30, 2026",4-yrs,£ 0,,F,SS,18,Reserve,Paraguay,,Brighton,Premier League,2022-2023
20,Kaoru Mitoma,£ 0,£ 0,,"Jun 30, 2025",3-yrs,£ 0,,F,LW,25,Reserve,Japan,,Brighton,Premier League,2022-2023
21,Evan Ferguson,£ 0,£ 0,,"Jun 30, 2023",1-yr,£ 0,,F,CF,17,Reserve,Ireland,,Brighton,Premier League,2022-2023
22,Levi Colwill,£ 0,£ 0,,"May 31, 2023",1-yr,£ 0,,D,CB,19,Reserve,England,,Brighton,Premier League,2022-2023
23,Pervis Estupiñán,£ 0,£ 0,,"Jun 30, 2027",5-yrs,£ 0,,D,LB,24,Reserve,Ecuador,,Brighton,Premier League,2022-2023
24,Total,"£ 499,232","£ 25,960,000",£ 0,,,"£ 49,680,000",£ 0,,,,,,,Brighton,Premier League,2022-2023
0,Player,Gross P/W(IN GBP),Gross P/Y(IN GBP),Gross(IN GBP),"Expiration Jun 30, 2023Jun 30, 2024Jun 30, 2025Jun 30, 2026Jun 30, 2027Jun 30, 2028",Length 1-yr2-yrs3-yrs4-yrs5-yrs6-yrs,GrossRemaining(IN GBP),ReleaseClause(IN GBP),Pos. DFKM,Pos. AMCBCFCMDMGKLBLWRBRW,Age,Status ReserveStarter,Country,Active,Chelsea,Premier League,2022-2023
1,Raheem Sterling,"£ 325,000","£ 16,900,000",,"Jun 30, 2027",5-yrs,"£ 84,500,000",,F,LW,27,Starter,England,,Chelsea,Premier League,2022-2023
2,Kalidou Koulibaly,"£ 295,000","£ 15,340,000",,"Jun 30, 2026",4-yrs,"£ 61,360,000",,D,CB,31,Reserve,Senegal,,Chelsea,Premier League,2022-2023
3,N'Golo Kanté,"£ 290,000","£ 15,080,000",,"Jun 30, 2023",1-yr,"£ 15,080,000",,M,DM,31,Reserve,France,,Chelsea,Premier League,2022-2023
4,Reece James,"£ 250,000","£ 13,000,000",,"Jun 30, 2028",6-yrs,"£ 78,000,000",,D,RB,22,Starter,England,,Chelsea,Premier League,2022-2023
5,Wesley Fofana,"£ 200,000","£ 10,400,000",,"Jun 30, 2028",6-yrs,"£ 62,400,000",,D,CB,21,Reserve,France,,Chelsea,Premier League,2022-2023
6,Ben Chilwell,"£ 190,000","£ 9,880,000",,"Jun 30, 2025",3-yrs,"£ 29,640,000",,D,LB,25,Reserve,England,,Chelsea,Premier League,2022-2023
7,César Azpilicueta,"£ 180,000","£ 9,360,000",,"Jun 30, 2024",2-yrs,"£ 18,720,000",,D,RB,33,Starter,Spain,,Chelsea,Premier League,2022-2023
8,Marc Cucurella,"£ 175,000","£ 9,100,000",,"Jun 30, 2028",6-yrs,"£ 54,600,000",,D,LB,24,Starter,Spain,,Chelsea,Premier League,2022-2023
9,Pierre-Emerick Aubameyang,"£ 160,000","£ 8,320,000",,"Jun 30, 2024",2-yrs,"£ 16,640,000",,F,CF,33,Starter,Gabon,,Chelsea,Premier League,2022-2023
10,Kepa Arrizabalaga,"£ 150,000","£ 7,800,000",,"Jun 30, 2025",3-yrs,"£ 23,400,000",,K,GK,27,Starter,Spain,,Chelsea,Premier League,2022-2023
11,Christian Pulisic,"£ 150,000","£ 7,800,000",,"Jun 30, 2024",2-yrs,"£ 15,600,000",,F,RW,23,Reserve,United States,,Chelsea,Premier League,2022-2023
12,Kai Havertz,"£ 150,000","£ 7,800,000",,"Jun 30, 2025",3-yrs,"£ 23,400,000",,F,AM,23,Starter,Germany,,Chelsea,Premier League,2022-2023
13,Ruben Loftus-Cheek,"£ 120,000","£ 6,240,000",,"Jun 30, 2024",2-yrs,"£ 12,480,000",,M,CM,26,Reserve,England,,Chelsea,Premier League,2022-2023
14,Thiago Silva,"£ 110,000","£ 5,720,000",,"Jun 30, 2023",1-yr,"£ 5,720,000",,D,CB,37,Starter,Brazil,,Chelsea,Premier League,2022-2023
15,Jorginho,"£ 110,000","£ 5,720,000",,"Jun 30, 2023",1-yr,"£ 5,720,000",,M,DM,30,Starter,Italy,,Chelsea,Premier League,2022-2023
16,Mateo Kovacic,"£ 100,000","£ 5,200,000",,"Jun 30, 2024",2-yrs,"£ 10,400,000",,M,CM,28,Starter,Croatia,,Chelsea,Premier League,2022-2023
17,Carney Chukwuemeka,"£ 100,000","£ 5,200,000",,"Jun 30, 2028",6-yrs,"£ 31,200,000",,M,CM,18,Reserve,England,,Chelsea,Premier League,2022-2023
18,Hakim Ziyech,"£ 100,000","£ 5,200,000",,"Jun 30, 2025",3-yrs,"£ 15,600,000",,F,AM,29,Reserve,Morocco,,Chelsea,Premier League,2022-2023
19,Denis Zakaria,"£ 90,000","£ 4,680,000",,"Jun 30, 2023",1-yr,"£ 4,680,000",,M,DM,25,Reserve,Switzerland,,Chelsea,Premier League,2022-2023
20,Mason Mount,"£ 80,000","£ 4,160,000",,"Jun 30, 2024",2-yrs,"£ 8,320,000",,F,AM,23,Starter,England,,Chelsea,Premier League,2022-2023
21,Edouard Mendy,"£ 55,000","£ 2,860,000",,"Jun 30, 2025",3-yrs,"£ 8,580,000",,K,GK,30,Reserve,Senegal,,Chelsea,Premier League,2022-2023
22,Conor Gallagher,"£ 50,000","£ 2,600,000",,"Jun 30, 2025",3-yrs,"£ 7,800,000",,M,CM,22,Reserve,England,,Chelsea,Premier League,2022-2023
23,Armando Broja,"£ 40,000","£ 2,080,000",,"Jun 30, 2026",4-yrs,"£ 8,320,000",,F,CF,20,Reserve,Albania,,Chelsea,Premier League,2022-2023
24,Trevoh Chalobah,"£ 35,000","£ 1,820,000",,"Jun 30, 2026",4-yrs,"£ 7,280,000",,D,CB,23,Reserve,England,,Chelsea,Premier League,2022-2023
25,Marcus Bettinelli,"£ 35,000","£ 1,820,000",,"Jun 30, 2023",1-yr,"£ 1,820,000",,K,GK,30,Reserve,England,,Chelsea,Premier League,2022-2023
26,Total,"£ 3,540,000","£ 184,080,000",£ 0,,,"£ 611,260,000",£ 0,,,,,,,Chelsea,Premier League,2022-2023
0,Player,Gross P/W(IN GBP),Gross P/Y(IN GBP),Gross(IN GBP),"Expiration Jun 30, 2023Jun 30, 2024Jun 30, 2025Jun 30, 2026Jun 30, 2027",Length 1-yr2-yrs3-yrs4-yrs5-yrs,GrossRemaining(IN GBP),ReleaseClause(IN GBP),Pos. DFKM,Pos. AMCBCFCMDMGKLBLMLWRBRMRW,Age,Status ReserveStarter,Country,Active,Crystal Palace,Premier League,2022-2023
1,Wilfried Zaha,"£ 130,000","£ 6,760,000",,"Jun 30, 2023",1-yr,"£ 6,760,000",,F,LW,29,Starter,Cote d'Ivoire,,Crystal Palace,Premier League,2022-2023
2,Odsonne Edouard,"£ 94,808","£ 4,930,000",,"Jun 30, 2025",3-yrs,"£ 14,790,000",,F,CF,24,Reserve,France,,Crystal Palace,Premier League,2022-2023
3,Nathaniel Clyne,"£ 80,769","£ 4,200,000",,"Jun 30, 2023",1-yr,"£ 4,200,000",,D,RB,31,Reserve,England,,Crystal Palace,Premier League,2022-2023
4,Joachim Andersen,"£ 79,423","£ 4,130,000",,"Jun 30, 2026",4-yrs,"£ 16,520,000",,D,CB,26,Starter,Denmark,,Crystal Palace,Premier League,2022-2023
5,Vicente Guaita,"£ 76,923","£ 4,000,000",,"Jun 30, 2023",1-yr,"£ 4,000,000",,K,GK,35,Starter,Spain,,Crystal Palace,Premier League,2022-2023
6,Jeffrey Schlupp,"£ 55,962","£ 2,910,000",,"Jun 30, 2023",1-yr,"£ 2,910,000",,M,LM,29,Starter,Ghana,,Crystal Palace,Premier League,2022-2023
7,James McArthur,"£ 55,000","£ 2,860,000",,"Jun 30, 2023",1-yr,"£ 2,860,000",,M,CM,34,Reserve,Scotland,,Crystal Palace,Premier League,2022-2023
8,Luka Milivojevic,"£ 55,000","£ 2,860,000",,"Jun 30, 2023",1-yr,"£ 2,860,000",,M,DM,31,Reserve,Serbia,,Crystal Palace,Premier League,2022-2023
9,Jairo Riedewald,"£ 55,000","£ 2,860,000",,"Jun 30, 2024",2-yrs,"£ 5,720,000",,M,DM,25,Reserve,Netherlands,,Crystal Palace,Premier League,2022-2023
10,Will Hughes,"£ 53,846","£ 2,800,000",,"Jun 30, 2024",2-yrs,"£ 5,600,000",,M,CM,27,Reserve,England,,Crystal Palace,Premier League,2022-2023
11,Jean-Philippe Mateta,"£ 53,462","£ 2,780,000",,"Jun 30, 2026",4-yrs,"£ 11,120,000",,F,CF,25,Starter,France,,Crystal Palace,Premier League,2022-2023
12,Marc Guéhi,"£ 50,192","£ 2,610,000",,"Jun 30, 2026",4-yrs,"£ 10,440,000",,D,CB,22,Starter,England,,Crystal Palace,Premier League,2022-2023
13,James Tomkins,"£ 50,000","£ 2,600,000",,"Jun 30, 2023",1-yr,"£ 2,600,000",,D,CB,33,Reserve,England,,Crystal Palace,Premier League,2022-2023
14,Michael Olise,"£ 47,500","£ 2,470,000",,"Jun 30, 2026",4-yrs,"£ 9,880,000",,M,RM,20,Reserve,France,,Crystal Palace,Premier League,2022-2023
15,Jack Butland,"£ 45,000","£ 2,340,000",,"Jun 30, 2023",1-yr,"£ 2,340,000",,K,GK,29,Reserve,England,,Crystal Palace,Premier League,2022-2023
16,Joel Ward,"£ 35,000","£ 1,820,000",,"Jun 30, 2023",1-yr,"£ 1,820,000",,D,RB,32,Starter,England,,Crystal Palace,Premier League,2022-2023
17,Jordan Ayew,"£ 32,500","£ 1,690,000",,"Jun 30, 2023",1-yr,"£ 1,690,000",,F,CF,30,Starter,Ghana,,Crystal Palace,Premier League,2022-2023
18,Eberechi Eze,"£ 30,000","£ 1,560,000",,"Jun 30, 2025",3-yrs,"£ 4,680,000",,F,AM,24,Starter,England,,Crystal Palace,Premier League,2022-2023
19,Nathan Ferguson,"£ 28,846","£ 1,500,000",,"Jun 30, 2023",1-yr,"£ 1,500,000",,D,CB,21,Reserve,England,,Crystal Palace,Premier League,2022-2023
20,Tyrick Mitchell,"£ 28,846","£ 1,500,000",,"Jun 30, 2025",3-yrs,"£ 4,500,000",,D,LB,23,Starter,England,,Crystal Palace,Premier League,2022-2023
21,Cheick Doucouré,£ 0,£ 0,,"Jun 30, 2027",5-yrs,£ 0,,M,DM,22,Starter,Mali,,Crystal Palace,Premier League,2022-2023
22,Malcolm Ebiowei,£ 0,£ 0,,"Jun 30, 2027",5-yrs,£ 0,,F,RW,18,Reserve,England,,Crystal Palace,Premier League,2022-2023
23,Chris Richards,£ 0,£ 0,,"Jun 30, 2027",5-yrs,£ 0,,D,CB,22,Reserve,United States,,Crystal Palace,Premier League,2022-2023
24,Sam Johnstone,£ 0,£ 0,,"Jun 30, 2026",4-yrs,£ 0,,K,GK,29,Reserve,England,,Crystal Palace,Premier League,2022-2023
25,Total,"£ 1,138,077","£ 59,180,000",£ 0,,,"£ 116,790,000",£ 0,,,,,,,Crystal Palace,Premier League,2022-2023
0,Player,Gross P/W(IN GBP),Gross P/Y(IN GBP),Gross(IN GBP),"Expiration Dec 31, 2022Jun 30, 2023Jun 30, 2024Jun 30, 2025Jun 30, 2026Jun 30, 2027",Length 1-yr2-yrs3-yrs4-yrs5-yrs,GrossRemaining(IN GBP),ReleaseClause(IN GBP),Pos. DFKM,Pos. CBCFCMDMGKLBLWRBRW,Age,Status ReserveStarter,Country,Active,Everton,Premier League,2022-2023
1,Abdoulaye Doucouré,"£ 120,000","£ 6,240,000",,"Jun 30, 2023",1-yr,"£ 6,240,000",,M,CM,29,Reserve,Mali,,Everton,Premier League,2022-2023
2,Alex Iwobi,"£ 120,000","£ 6,240,000",,"Jun 30, 2024",2-yrs,"£ 12,480,000",,F,LW,26,Starter,Nigeria,,Everton,Premier League,2022-2023
3,Yerry Mina,"£ 120,000","£ 6,240,000",,"Jun 30, 2023",1-yr,"£ 6,240,000",,D,CB,27,Reserve,Colombia,,Everton,Premier League,2022-2023
4,Amadou Onana,"£ 100,000","£ 5,200,000",,"Jun 30, 2027",5-yrs,"£ 26,000,000",,M,DM,21,Starter,Belgium,,Everton,Premier League,2022-2023
5,Dominic Calvert-Lewin,"£ 100,000","£ 5,200,000",,"Jun 30, 2025",3-yrs,"£ 15,600,000",,F,CF,25,Reserve,England,,Everton,Premier League,2022-2023
6,James Tarkowski,"£ 100,000","£ 5,200,000",,"Jun 30, 2026",4-yrs,"£ 20,800,000",,D,CB,29,Starter,England,,Everton,Premier League,2022-2023
7,Jordan Pickford,"£ 100,000","£ 5,200,000",,"Jun 30, 2024",2-yrs,"£ 10,400,000",,K,GK,28,Reserve,England,,Everton,Premier League,2022-2023
8,Idrissa Gueye,"£ 80,000","£ 4,160,000",,"Jun 30, 2024",2-yrs,"£ 8,320,000",,M,CM,32,Starter,Senegal,,Everton,Premier League,2022-2023
9,Salomón Rondón,"£ 80,000","£ 4,160,000","£ 2,080,000","Jun 30, 2023",1-yr,"£ 4,160,000",,F,CF,32,Reserve,Venezuela,,Everton,Premier League,2022-2023
10,Michael Keane,"£ 80,000","£ 4,160,000",,"Jun 30, 2025",3-yrs,"£ 12,480,000",,D,CB,29,Reserve,England,,Everton,Premier League,2022-2023
11,Ben Godfrey,"£ 75,000","£ 3,900,000",,"Jun 30, 2025",3-yrs,"£ 11,700,000",,D,CB,24,Reserve,England,,Everton,Premier League,2022-2023
12,Mason Holgate,"£ 70,000","£ 3,640,000","£ 1,040,000","Jun 30, 2025",3-yrs,"£ 10,920,000",,D,CB,25,Reserve,England,,Everton,Premier League,2022-2023
13,Vitaliy Mykolenko,"£ 58,000","£ 3,016,000",,"Jun 30, 2026",4-yrs,"£ 12,064,000",,D,LB,23,Starter,Ukraine,,Everton,Premier League,2022-2023
14,Seamus Coleman,"£ 55,000","£ 2,860,000",,"Jun 30, 2023",1-yr,"£ 2,860,000",,D,RB,33,Reserve,Ireland,,Everton,Premier League,2022-2023
15,Conor Coady,"£ 55,000","£ 2,860,000",,"Jun 30, 2023",1-yr,"£ 2,860,000",,D,CB,29,Starter,England,,Everton,Premier League,2022-2023
16,Neal Maupay,"£ 50,000","£ 2,600,000",,"Jun 30, 2025",3-yrs,"£ 7,800,000",,F,CF,26,Starter,France,,Everton,Premier League,2022-2023
17,Asmir Begovic,"£ 45,000","£ 2,340,000",,"Jun 30, 2023",1-yr,"£ 2,340,000",,K,GK,35,Starter,Bosnia-Herzegovina,,Everton,Premier League,2022-2023
18,Andros Townsend,"£ 40,000","£ 2,080,000",,"Jun 30, 2023",1-yr,"£ 2,080,000",,F,RW,31,Reserve,England,,Everton,Premier League,2022-2023
19,James Garner,"£ 30,000","£ 1,560,000",,"Jun 30, 2026",4-yrs,"£ 6,240,000",,M,DM,21,Reserve,England,,Everton,Premier League,2022-2023
20,Nathan Patterson,"£ 28,000","£ 1,456,000",,"Jun 30, 2027",5-yrs,"£ 7,280,000",,D,RB,20,Starter,Scotland,,Everton,Premier League,2022-2023
21,Tom Davies,"£ 25,000","£ 1,300,000",,"Jun 30, 2023",1-yr,"£ 1,300,000",,M,CM,24,Reserve,England,,Everton,Premier League,2022-2023
22,Rúben Vinagre,"£ 25,000","£ 1,300,000",,"Jun 30, 2023",1-yr,"£ 1,300,000",,D,LB,23,Reserve,Portugal,,Everton,Premier League,2022-2023
23,Demarai Gray,"£ 25,000","£ 1,300,000",,"Jun 30, 2024",2-yrs,"£ 2,600,000",,F,LW,26,Starter,England,,Everton,Premier League,2022-2023
24,Dwight McNeil,"£ 25,000","£ 1,300,000",,"Jun 30, 2027",5-yrs,"£ 6,500,000",,F,LW,22,Reserve,England,,Everton,Premier League,2022-2023
25,Andy Lonergan,"£ 10,000","£ 520,000",,"Jun 30, 2023",1-yr,"£ 520,000",,K,GK,38,Reserve,England,,Everton,Premier League,2022-2023
26,Anthony Gordon,"£ 10,000","£ 520,000",,"Jun 30, 2025",3-yrs,"£ 1,560,000",,F,LW,21,Starter,England,,Everton,Premier League,2022-2023
27,Eldin Jakupovic,"£ 5,000","£ 260,000",,"Dec 31, 2022",1-yr,"£ 260,000",,K,GK,38,Reserve,Switzerland,,Everton,Premier League,2022-2023
28,Total,"£ 1,631,000","£ 84,812,000","£ 3,120,000",,,"£ 202,904,000",£ 0,,,,,,,Everton,Premier League,2022-2023
0,Player,Gross P/W(IN GBP),Gross P/Y(IN GBP),Gross(IN GBP),"Expiration Jun 30, 2023Jun 30, 2024Jun 30, 2025Jun 30, 2026Jun 30, 2027May 31, 2023",Length 1-yr2-yrs3-yrs4-yrs5-yrs,GrossRemaining(IN GBP),ReleaseClause(IN GBP),Pos. DFKM,Pos. AMCBCFCMDMGKLBLWRBRW,Age,Status ReserveStarter,Country,Active,Fulham,Premier League,2022-2023
1,Layvin Kurzawa,"£ 89,231","£ 4,640,000",,"Jun 30, 2023",1-yr,"£ 4,640,000",,D,LB,29,Reserve,France,,Fulham,Premier League,2022-2023
2,Aleksandar Mitrovic,"£ 60,000","£ 3,120,000",,"Jun 30, 2026",4-yrs,"£ 12,480,000",,F,CF,27,Starter,Serbia,,Fulham,Premier League,2022-2023
3,Nathaniel Chalobah,"£ 51,923","£ 2,700,000",,"Jun 30, 2023",1-yr,"£ 2,700,000",,M,DM,27,Reserve,England,,Fulham,Premier League,2022-2023
4,Kenny Tete,"£ 50,962","£ 2,650,000",,"Jun 30, 2024",2-yrs,"£ 5,300,000",,D,RB,26,Starter,Netherlands,,Fulham,Premier League,2022-2023
5,Daniel James,"£ 50,000","£ 2,600,000",,"May 31, 2023",1-yr,"£ 2,600,000",,F,RW,24,Reserve,Wales,,Fulham,Premier League,2022-2023
6,Tosin Adarabioyo,"£ 40,577","£ 2,110,000",,"Jun 30, 2023",1-yr,"£ 2,110,000",,D,CB,24,Starter,England,,Fulham,Premier League,2022-2023
7,Andreas Pereira,"£ 40,000","£ 2,080,000",,"Jun 30, 2026",4-yrs,"£ 8,320,000",,F,AM,26,Starter,Brazil,,Fulham,Premier League,2022-2023
8,Tom Cairney,"£ 40,000","£ 2,080,000",,"Jun 30, 2024",2-yrs,"£ 4,160,000",,M,CM,31,Reserve,Scotland,,Fulham,Premier League,2022-2023
9,Shane Duffy,"£ 40,000","£ 2,080,000",,"May 31, 2023",1-yr,"£ 2,080,000",,D,CB,30,Reserve,Ireland,,Fulham,Premier League,2022-2023
10,Bobby Reid,"£ 37,500","£ 1,950,000",,"Jun 30, 2023",1-yr,"£ 1,950,000",,F,AM,29,Starter,Jamaica,,Fulham,Premier League,2022-2023
11,Harry Wilson,"£ 32,885","£ 1,710,000",,"Jun 30, 2026",4-yrs,"£ 6,840,000",,F,RW,25,Reserve,Wales,,Fulham,Premier League,2022-2023
12,Josh Onomah,"£ 30,000","£ 1,560,000",,"Jun 30, 2023",1-yr,"£ 1,560,000",,M,CM,25,Reserve,England,,Fulham,Premier League,2022-2023
13,Antonee Robinson,"£ 27,500","£ 1,430,000",,"Jun 30, 2024",2-yrs,"£ 2,860,000",,D,LB,25,Reserve,United States,,Fulham,Premier League,2022-2023
14,Tim Ream,"£ 26,923","£ 1,400,000",,"Jun 30, 2023",1-yr,"£ 1,400,000",,D,CB,34,Starter,United States,,Fulham,Premier League,2022-2023
15,Neeskens Kebano,"£ 13,462","£ 700,000",,"Jun 30, 2023",1-yr,"£ 700,000",,F,LW,30,Reserve,Democratic Republic of the Congo,,Fulham,Premier League,2022-2023
16,Harrison Reed,"£ 11,923","£ 620,000",,"Jun 30, 2024",2-yrs,"£ 1,240,000",,M,CM,27,Starter,England,,Fulham,Premier League,2022-2023
17,Marek Rodak,"£ 4,423","£ 230,000",,"Jun 30, 2024",2-yrs,"£ 460,000",,K,GK,25,Reserve,Slovakia,,Fulham,Premier League,2022-2023
18,Issa Diop,£ 0,£ 0,,"Jun 30, 2027",5-yrs,£ 0,,D,CB,25,Starter,France,,Fulham,Premier League,2022-2023
19,Carlos Vinícius,£ 0,£ 0,,"Jun 30, 2025",3-yrs,£ 0,,F,CF,27,Reserve,Brazil,,Fulham,Premier League,2022-2023
20,Kevin Mbabu,£ 0,£ 0,,"Jun 30, 2025",3-yrs,£ 0,,D,RB,27,Reserve,Switzerland,,Fulham,Premier League,2022-2023
21,Willian,£ 0,£ 0,,"Jun 30, 2023",1-yr,£ 0,,F,RW,34,Starter,Brazil,,Fulham,Premier League,2022-2023
22,Bernd Leno,£ 0,£ 0,,"Jun 30, 2025",3-yrs,£ 0,,K,GK,30,Starter,Germany,,Fulham,Premier League,2022-2023
23,Manor Solomon,£ 0,£ 0,,"Jun 30, 2023",1-yr,£ 0,,F,LW,23,Reserve,Israel,,Fulham,Premier League,2022-2023
24,João Palhinha,£ 0,£ 0,,"Jun 30, 2027",5-yrs,£ 0,,M,DM,27,Starter,Portugal,,Fulham,Premier League,2022-2023
25,Total,"£ 647,309","£ 33,660,000",£ 0,,,"£ 61,400,000",£ 0,,,,,,,Fulham,Premier League,2022-2023
0,Player,Gross P/W(IN GBP),Gross P/Y(IN GBP),Gross(IN GBP),"Expiration Jun 30, 2023Jun 30, 2024Jun 30, 2025Jun 30, 2026Jun 30, 2027",Length 1-yr2-yrs3-yrs4-yrs5-yrs,GrossRemaining(IN GBP),ReleaseClause(IN GBP),Pos. DFKM,Pos. AMCBCFCMDMGKLBLWRBRWSS,Age,Status ReserveStarter,Country,Active,Leeds,Premier League,2022-2023
1,Rodrigo,"£ 57,692","£ 3,000,000",,"Jun 30, 2024",2-yrs,"£ 6,000,000",,F,SS,31,Reserve,Spain,,Leeds,Premier League,2022-2023
2,Robin Koch,"£ 46,154","£ 2,400,000",,"Jun 30, 2024",2-yrs,"£ 4,800,000",,D,CB,26,Starter,Germany,,Leeds,Premier League,2022-2023
3,Junior Firpo,"£ 42,308","£ 2,200,000",,"Jun 30, 2025",3-yrs,"£ 6,600,000",,D,LB,26,Reserve,Dominican Republic,,Leeds,Premier League,2022-2023
4,Patrick Bamford,"£ 35,000","£ 1,820,000",,"Jun 30, 2026",4-yrs,"£ 7,280,000",,F,CF,28,Reserve,England,,Leeds,Premier League,2022-2023
5,Diego Llorente,"£ 21,923","£ 1,140,000",,"Jun 30, 2024",2-yrs,"£ 2,280,000",,D,CB,29,Starter,Spain,,Leeds,Premier League,2022-2023
6,Illan Meslier,"£ 21,923","£ 1,140,000",,"Jun 30, 2026",4-yrs,"£ 4,560,000",,K,GK,22,Starter,France,,Leeds,Premier League,2022-2023
7,Adam Forshaw,"£ 20,000","£ 1,040,000",,"Jun 30, 2023",1-yr,"£ 1,040,000",,M,CM,30,Reserve,England,,Leeds,Premier League,2022-2023
8,Joe Gelhardt,"£ 16,538","£ 860,000",,"Jun 30, 2027",5-yrs,"£ 4,300,000",,F,CF,20,Starter,England,,Leeds,Premier League,2022-2023
9,Jack Harrison,"£ 15,000","£ 780,000",,"Jun 30, 2024",2-yrs,"£ 1,560,000",,F,LW,25,Starter,England,,Leeds,Premier League,2022-2023
10,Kristoffer Klaesson,"£ 10,962","£ 570,000",,"Jun 30, 2025",3-yrs,"£ 1,710,000",,K,GK,21,Reserve,Norway,,Leeds,Premier League,2022-2023
11,Luke Ayling,"£ 8,077","£ 420,000",,"Jun 30, 2023",1-yr,"£ 420,000",,D,RB,31,Reserve,England,,Leeds,Premier League,2022-2023
12,Stuart Dallas,"£ 8,077","£ 420,000",,"Jun 30, 2024",2-yrs,"£ 840,000",,D,RB,31,Reserve,Northern Ireland,,Leeds,Premier League,2022-2023
13,Mateusz Klich,"£ 7,692","£ 400,000",,"Jun 30, 2024",2-yrs,"£ 800,000",,M,CM,32,Reserve,Poland,,Leeds,Premier League,2022-2023
14,Pascal Struijk,"£ 7,115","£ 370,000",,"Jun 30, 2024",2-yrs,"£ 740,000",,D,CB,23,Starter,Netherlands,,Leeds,Premier League,2022-2023
15,Liam Cooper,"£ 6,538","£ 340,000",,"Jun 30, 2024",2-yrs,"£ 680,000",,D,CB,31,Reserve,Scotland,,Leeds,Premier League,2022-2023
16,Crysencio Summerville,"£ 5,769","£ 300,000",,"Jun 30, 2026",4-yrs,"£ 1,200,000",,F,RW,20,Reserve,Netherlands,,Leeds,Premier League,2022-2023
17,Sam Greenwood,"£ 1,346","£ 70,000",,"Jun 30, 2026",4-yrs,"£ 280,000",,F,CF,20,Reserve,England,,Leeds,Premier League,2022-2023
18,Cody Drameh,£ 577,"£ 30,000",,"Jun 30, 2024",2-yrs,"£ 60,000",,D,RB,20,Starter,England,,Leeds,Premier League,2022-2023
19,Joel Robles,£ 0,£ 0,,"Jun 30, 2023",1-yr,£ 0,,K,GK,32,Reserve,Spain,,Leeds,Premier League,2022-2023
20,Darko Gyabi,£ 0,£ 0,,"Jun 30, 2026",4-yrs,£ 0,,M,CM,18,Reserve,England,,Leeds,Premier League,2022-2023
21,Rasmus Kristensen,£ 0,£ 0,,"Jun 30, 2027",5-yrs,£ 0,,D,RB,25,Reserve,Denmark,,Leeds,Premier League,2022-2023
22,Brenden Aaronson,£ 0,£ 0,,"Jun 30, 2027",5-yrs,£ 0,,F,AM,21,Starter,United States,,Leeds,Premier League,2022-2023
23,Tyler Adams,£ 0,£ 0,,"Jun 30, 2027",5-yrs,£ 0,,M,DM,23,Starter,United States,,Leeds,Premier League,2022-2023
24,Luis Sinisterra,£ 0,£ 0,,"Jun 30, 2027",5-yrs,£ 0,,F,LW,23,Starter,Colombia,,Leeds,Premier League,2022-2023
25,Wilfried Gnonto,£ 0,£ 0,,"Jun 30, 2027",5-yrs,£ 0,,F,SS,18,Reserve,Italy,,Leeds,Premier League,2022-2023
26,Marc Roca,£ 0,£ 0,,"Jun 30, 2026",4-yrs,£ 0,,M,DM,25,Starter,Spain,,Leeds,Premier League,2022-2023
27,Leo Fuhr Hjelde,£ 0,£ 0,,"Jun 30, 2025",3-yrs,£ 0,,D,LB,19,Reserve,Norway,,Leeds,Premier League,2022-2023
28,Total,"£ 332,691","£ 17,300,000",£ 0,,,"£ 45,150,000",£ 0,,,,,,,Leeds,Premier League,2022-2023
0,Player,Gross P/W(IN GBP),Gross P/Y(IN GBP),Gross(IN GBP),"Expiration Jun 30, 2023Jun 30, 2024Jun 30, 2025Jun 30, 2026Jun 30, 2027",Length 1-yr2-yrs3-yrs4-yrs5-yrs,GrossRemaining(IN GBP),ReleaseClause(IN GBP),Pos. DFKM,Pos. AMCBCFCMDMGKLBLMRBRMSS,Age,Status ReserveStarter,Country,Active,Leicester,Premier League,2022-2023
1,Jamie Vardy,"£ 140,000","£ 7,280,000",,"Jun 30, 2024",2-yrs,"£ 14,560,000",,F,CF,35,Reserve,England,,Leicester,Premier League,2022-2023
2,James Maddison,"£ 110,000","£ 5,720,000",,"Jun 30, 2024",2-yrs,"£ 11,440,000",,F,AM,25,Starter,England,,Leicester,Premier League,2022-2023
3,Jonny Evans,"£ 100,000","£ 5,200,000",,"Jun 30, 2023",1-yr,"£ 5,200,000",,D,CB,34,Starter,Northern Ireland,,Leicester,Premier League,2022-2023
4,Ryan Bertrand,"£ 80,000","£ 4,160,000",,"Jun 30, 2023",1-yr,"£ 4,160,000",,D,LB,33,Reserve,England,,Leicester,Premier League,2022-2023
5,Kelechi Iheanacho,"£ 80,000","£ 4,160,000",,"Jun 30, 2024",2-yrs,"£ 8,320,000",,F,CF,25,Reserve,Nigeria,,Leicester,Premier League,2022-2023
6,Ricardo Pereira,"£ 80,000","£ 4,160,000",,"Jun 30, 2026",4-yrs,"£ 16,640,000",,D,RB,28,Reserve,Portugal,,Leicester,Premier League,2022-2023
7,Boubakary Soumaré,"£ 80,000","£ 4,160,000",,"Jun 30, 2026",4-yrs,"£ 16,640,000",,M,DM,23,Reserve,France,,Leicester,Premier League,2022-2023
8,Dennis Praet,"£ 75,000","£ 3,900,000",,"Jun 30, 2024",2-yrs,"£ 7,800,000",,M,CM,28,Reserve,Belgium,,Leicester,Premier League,2022-2023
9,Patson Daka,"£ 75,000","£ 3,900,000",,"Jun 30, 2026",4-yrs,"£ 15,600,000",,F,CF,23,Starter,Zambia,,Leicester,Premier League,2022-2023
10,Wilfred Ndidi,"£ 75,000","£ 3,900,000",,"Jun 30, 2024",2-yrs,"£ 7,800,000",,M,DM,25,Starter,Nigeria,,Leicester,Premier League,2022-2023
11,Jannik Vestergaard,"£ 70,000","£ 3,640,000",,"Jun 30, 2024",2-yrs,"£ 7,280,000",,D,CB,30,Reserve,Denmark,,Leicester,Premier League,2022-2023
12,Timothy Castagne,"£ 65,000","£ 3,380,000",,"Jun 30, 2025",3-yrs,"£ 10,140,000",,D,RB,26,Starter,Belgium,,Leicester,Premier League,2022-2023
13,Nampalys Mendy,"£ 55,000","£ 2,860,000",,"Jun 30, 2023",1-yr,"£ 2,860,000",,M,DM,30,Reserve,Senegal,,Leicester,Premier League,2022-2023
14,Wout Faes,"£ 50,000","£ 2,600,000",,"Jun 30, 2027",5-yrs,"£ 13,000,000",,D,CB,24,Starter,Belgium,,Leicester,Premier League,2022-2023
15,Caglar Söyüncü,"£ 45,000","£ 2,340,000",,"Jun 30, 2023",1-yr,"£ 2,340,000",,D,CB,26,Reserve,Turkey,,Leicester,Premier League,2022-2023
16,Ayoze Pérez,"£ 45,000","£ 2,340,000",,"Jun 30, 2023",1-yr,"£ 2,340,000",,F,SS,29,Reserve,Spain,,Leicester,Premier League,2022-2023
17,Marc Albrighton,"£ 45,000","£ 2,340,000",,"Jun 30, 2024",2-yrs,"£ 4,680,000",,M,RM,32,Reserve,England,,Leicester,Premier League,2022-2023
18,Harvey Barnes,"£ 40,000","£ 2,080,000",,"Jun 30, 2025",3-yrs,"£ 6,240,000",,M,LM,24,Starter,England,,Leicester,Premier League,2022-2023
19,Danny Ward,"£ 40,000","£ 2,080,000",,"Jun 30, 2025",3-yrs,"£ 6,240,000",,K,GK,29,Starter,Wales,,Leicester,Premier League,2022-2023
20,Youri Tielemans,"£ 35,000","£ 1,820,000",,"Jun 30, 2023",1-yr,"£ 1,820,000",,M,CM,25,Starter,Belgium,,Leicester,Premier League,2022-2023
21,James Justin,"£ 30,000","£ 1,560,000",,"Jun 30, 2026",4-yrs,"£ 6,240,000",,D,RB,24,Starter,England,,Leicester,Premier League,2022-2023
22,Alex Smithies,"£ 30,000","£ 1,560,000",,"Jun 30, 2024",2-yrs,"£ 3,120,000",,K,GK,32,Reserve,England,,Leicester,Premier League,2022-2023
23,Kiernan Dewsbury-Hall,"£ 20,000","£ 1,040,000",,"Jun 30, 2027",5-yrs,"£ 5,200,000",,M,CM,23,Starter,England,,Leicester,Premier League,2022-2023
24,Daniel Iversen,"£ 20,000","£ 1,040,000",,"Jun 30, 2025",3-yrs,"£ 3,120,000",,K,GK,25,Reserve,Denmark,,Leicester,Premier League,2022-2023
25,Daniel Amartey,"£ 20,000","£ 1,040,000",,"Jun 30, 2023",1-yr,"£ 1,040,000",,D,CB,27,Reserve,Ghana,,Leicester,Premier League,2022-2023
26,Luke Thomas,"£ 10,000","£ 520,000",,"Jun 30, 2024",2-yrs,"£ 1,040,000",,D,LB,21,Reserve,England,,Leicester,Premier League,2022-2023
27,Total,"£ 1,515,000","£ 78,780,000",£ 0,,,"£ 184,860,000",£ 0,,,,,,,Leicester,Premier League,2022-2023
0,Player,Gross P/W(IN GBP),Gross P/Y(IN GBP),Gross(IN GBP),"Expiration Jun 30, 2023Jun 30, 2024Jun 30, 2025Jun 30, 2026Jun 30, 2027Jun 30, 2028",Length 1-yr2-yrs3-yrs4-yrs5-yrs6-yrs,GrossRemaining(IN GBP),ReleaseClause(IN GBP),Pos. DFKM,Pos. AMCBCFCMDMGKLBLWRBRW,Age,Status ReserveStarter,Country,Active,Liverpool,Premier League,2022-2023
1,Mohamed Salah,"£ 350,000","£ 18,200,000",,"Jun 30, 2025",3-yrs,"£ 54,600,000",,F,RW,30,Starter,Egypt,,Liverpool,Premier League,2022-2023
2,Virgil van Dijk,"£ 220,000","£ 11,440,000",,"Jun 30, 2025",3-yrs,"£ 34,320,000",,D,CB,31,Starter,Netherlands,,Liverpool,Premier League,2022-2023
3,Thiago,"£ 200,000","£ 10,400,000",,"Jun 30, 2024",2-yrs,"£ 20,800,000",,M,CM,31,Starter,Spain,,Liverpool,Premier League,2022-2023
4,Trent Alexander-Arnold,"£ 180,000","£ 9,360,000",,"Jun 30, 2025",3-yrs,"£ 28,080,000",,D,RB,23,Starter,England,,Liverpool,Premier League,2022-2023
5,Fabinho,"£ 180,000","£ 9,360,000",,"Jun 30, 2026",4-yrs,"£ 37,440,000",,M,DM,28,Starter,Brazil,,Liverpool,Premier League,2022-2023
6,Roberto Firmino,"£ 180,000","£ 9,360,000",,"Jun 30, 2023",1-yr,"£ 9,360,000",,F,CF,30,Reserve,Brazil,,Liverpool,Premier League,2022-2023
7,Alisson,"£ 150,000","£ 7,800,000",,"Jun 30, 2027",5-yrs,"£ 39,000,000",,K,GK,29,Starter,Brazil,,Liverpool,Premier League,2022-2023
8,Jordan Henderson,"£ 140,000","£ 7,280,000",,"Jun 30, 2025",3-yrs,"£ 21,840,000",,M,CM,32,Reserve,England,,Liverpool,Premier League,2022-2023
9,Darwin Núñez,"£ 140,000","£ 7,280,000",,"Jun 30, 2028",6-yrs,"£ 43,680,000",,F,CF,23,Reserve,Uruguay,,Liverpool,Premier League,2022-2023
10,Diogo Jota,"£ 140,000","£ 7,280,000",,"Jun 30, 2027",5-yrs,"£ 36,400,000",,F,LW,25,Starter,Portugal,,Liverpool,Premier League,2022-2023
11,Naby Keïta,"£ 120,000","£ 6,240,000",,"Jun 30, 2023",1-yr,"£ 6,240,000",,M,CM,27,Reserve,Guinea,,Liverpool,Premier League,2022-2023
12,Alex Oxlade-Chamberlain,"£ 120,000","£ 6,240,000",,"Jun 30, 2023",1-yr,"£ 6,240,000",,M,CM,29,Reserve,England,,Liverpool,Premier League,2022-2023
13,Arthur,"£ 110,000","£ 5,720,000",,"Jun 30, 2023",1-yr,"£ 5,720,000",,M,DM,26,Reserve,Brazil,,Liverpool,Premier League,2022-2023
14,Joel Matip,"£ 100,000","£ 5,200,000",,"Jun 30, 2024",2-yrs,"£ 10,400,000",,D,CB,31,Starter,Cameroon,,Liverpool,Premier League,2022-2023
15,Andrew Robertson,"£ 100,000","£ 5,200,000",,"Jun 30, 2026",4-yrs,"£ 20,800,000",,D,LB,28,Reserve,Scotland,,Liverpool,Premier League,2022-2023
16,Joe Gomez,"£ 85,000","£ 4,420,000",,"Jun 30, 2027",5-yrs,"£ 22,100,000",,D,CB,25,Reserve,England,,Liverpool,Premier League,2022-2023
17,Ibrahima Konaté,"£ 70,000","£ 3,640,000",,"Jun 30, 2026",4-yrs,"£ 14,560,000",,D,CB,23,Reserve,France,,Liverpool,Premier League,2022-2023
18,Nathaniel Phillips,"£ 65,000","£ 3,380,000",,"Jun 30, 2025",3-yrs,"£ 10,140,000",,D,CB,25,Reserve,England,,Liverpool,Premier League,2022-2023
19,James Milner,"£ 60,000","£ 3,120,000",,"Jun 30, 2023",1-yr,"£ 3,120,000",,M,CM,36,Reserve,England,,Liverpool,Premier League,2022-2023
20,Adrián,"£ 60,000","£ 3,120,000",,"Jun 30, 2023",1-yr,"£ 3,120,000",,K,GK,35,Reserve,Spain,,Liverpool,Premier League,2022-2023
21,Luis Díaz,"£ 55,000","£ 2,860,000",,"Jun 30, 2027",5-yrs,"£ 14,300,000",,F,LW,25,Starter,Colombia,,Liverpool,Premier League,2022-2023
22,Konstantinos Tsimikas,"£ 50,000","£ 2,600,000",,"Jun 30, 2025",3-yrs,"£ 7,800,000",,D,LB,26,Starter,Greece,,Liverpool,Premier League,2022-2023
23,Fábio Carvalho,"£ 40,000","£ 2,080,000",,"Jun 30, 2027",5-yrs,"£ 10,400,000",,F,AM,20,Reserve,Portugal,,Liverpool,Premier League,2022-2023
24,Harvey Elliott,"£ 40,000","£ 2,080,000",,"Jun 30, 2027",5-yrs,"£ 10,400,000",,F,RW,19,Starter,England,,Liverpool,Premier League,2022-2023
25,Calvin Ramsay,"£ 15,000","£ 780,000","£ 500,000","Jun 30, 2027",5-yrs,"£ 3,900,000",,D,RB,19,Reserve,Scotland,,Liverpool,Premier League,2022-2023
26,Curtis Jones,"£ 10,000","£ 520,000",,"Jun 30, 2025",3-yrs,"£ 1,560,000",,M,CM,21,Reserve,England,,Liverpool,Premier League,2022-2023
27,Caoimhin Kelleher,"£ 10,000","£ 520,000",,"Jun 30, 2026",4-yrs,"£ 2,080,000",,K,GK,23,Reserve,Ireland,,Liverpool,Premier League,2022-2023
28,Total,"£ 2,990,000","£ 155,480,000","£ 500,000",,,"£ 478,400,000",£ 0,,,,,,,Liverpool,Premier League,2022-2023
0,Player,Gross P/W(IN GBP),Gross P/Y(IN GBP),Gross(IN GBP),"Expiration Jun 30, 2023Jun 30, 2024Jun 30, 2025Jun 30, 2026Jun 30, 2027Jun 30, 2028",Length 1-yr2-yrs3-yrs4-yrs5-yrs6-yrs,GrossRemaining(IN GBP),ReleaseClause(IN GBP),Pos. DFKM,Pos. AMCBCFCMDMGKLBLWRBRW,Age,Status ReserveStarter,Country,Active,Manchester City,Premier League,2022-2023
1,Kevin De Bruyne,"£ 400,000","£ 20,800,000",,"Jun 30, 2025",3-yrs,"£ 62,400,000",,F,AM,31,Starter,Belgium,,Manchester City,Premier League,2022-2023
2,Erling Haaland,"£ 375,000","£ 19,500,000","£ 24,700,000","Jun 30, 2027",5-yrs,"£ 97,500,000","£ 173,000,000",F,CF,22,Starter,Norway,,Manchester City,Premier League,2022-2023
3,Jack Grealish,"£ 300,000","£ 15,600,000",,"Jun 30, 2027",5-yrs,"£ 78,000,000",,F,LW,26,Starter,England,,Manchester City,Premier League,2022-2023
4,John Stones,"£ 250,000","£ 13,000,000",,"Jun 30, 2026",4-yrs,"£ 52,000,000",,D,CB,28,Starter,England,,Manchester City,Premier League,2022-2023
5,João Cancelo,"£ 250,000","£ 13,000,000",,"Jun 30, 2027",5-yrs,"£ 65,000,000",,D,RB,28,Starter,Portugal,,Manchester City,Premier League,2022-2023
6,Phil Foden,"£ 225,000","£ 11,700,000",,"Jun 30, 2027",5-yrs,"£ 58,500,000",,M,CM,22,Starter,England,,Manchester City,Premier League,2022-2023
7,Rodri,"£ 220,000","£ 11,440,000",,"Jun 30, 2027",5-yrs,"£ 57,200,000",,M,DM,26,Starter,Spain,,Manchester City,Premier League,2022-2023
8,Manuel Akanji,"£ 180,000","£ 9,360,000",,"Jun 30, 2027",5-yrs,"£ 46,800,000",,D,CB,27,Starter,Switzerland,,Manchester City,Premier League,2022-2023
9,Rúben Dias,"£ 180,000","£ 9,360,000",,"Jun 30, 2027",5-yrs,"£ 46,800,000",,D,CB,25,Starter,Portugal,,Manchester City,Premier League,2022-2023
10,Riyad Mahrez,"£ 160,000","£ 8,320,000",,"Jun 30, 2025",3-yrs,"£ 24,960,000",,F,RW,31,Reserve,Algeria,,Manchester City,Premier League,2022-2023
11,Kyle Walker,"£ 160,000","£ 8,320,000",,"Jun 30, 2024",2-yrs,"£ 16,640,000",,D,RB,32,Reserve,England,,Manchester City,Premier League,2022-2023
12,Kalvin Phillips,"£ 150,000","£ 7,800,000",,"Jun 30, 2028",6-yrs,"£ 46,800,000",,M,DM,26,Reserve,England,,Manchester City,Premier League,2022-2023
13,Bernardo Silva,"£ 150,000","£ 7,800,000",,"Jun 30, 2025",3-yrs,"£ 23,400,000",,F,AM,28,Starter,Portugal,,Manchester City,Premier League,2022-2023
14,Ilkay Gündogan,"£ 140,000","£ 7,280,000",,"Jun 30, 2023",1-yr,"£ 7,280,000",,M,CM,31,Reserve,Germany,,Manchester City,Premier League,2022-2023
15,Aymeric Laporte,"£ 120,000","£ 6,240,000",,"Jun 30, 2025",3-yrs,"£ 18,720,000",,D,CB,28,Reserve,Spain,,Manchester City,Premier League,2022-2023
16,Ederson,"£ 100,000","£ 5,200,000",,"Jun 30, 2026",4-yrs,"£ 20,800,000",,K,GK,29,Starter,Brazil,,Manchester City,Premier League,2022-2023
17,Nathan Aké,"£ 90,000","£ 4,680,000",,"Jun 30, 2025",3-yrs,"£ 14,040,000",,D,CB,27,Reserve,Netherlands,,Manchester City,Premier League,2022-2023
18,Benjamin Mendy,"£ 90,000","£ 4,680,000",,"Jun 30, 2023",1-yr,"£ 4,680,000",,D,LB,28,Reserve,France,,Manchester City,Premier League,2022-2023
19,Stefan Ortega Moreno,"£ 55,000","£ 2,860,000",,"Jun 30, 2025",3-yrs,"£ 8,580,000",,K,GK,29,Reserve,Germany,,Manchester City,Premier League,2022-2023
20,Sergio Gómez,"£ 50,000","£ 2,600,000",,"Jun 30, 2026",4-yrs,"£ 10,400,000",,D,LB,21,Reserve,Spain,,Manchester City,Premier League,2022-2023
21,Julián Álvarez,"£ 50,000","£ 2,600,000",,"Jun 30, 2027",5-yrs,"£ 13,000,000",,F,CF,22,Reserve,Argentina,,Manchester City,Premier League,2022-2023
22,Scott Carson,"£ 30,000","£ 1,560,000",,"Jun 30, 2023",1-yr,"£ 1,560,000",,K,GK,36,Reserve,England,,Manchester City,Premier League,2022-2023
23,Cole Palmer,"£ 20,000","£ 1,040,000",,"Jun 30, 2026",4-yrs,"£ 4,160,000",,F,AM,20,Reserve,England,,Manchester City,Premier League,2022-2023
24,Total,"£ 3,745,000","£ 194,740,000","£ 24,700,000",,,"£ 779,220,000","£ 173,000,000",,,,,,,Manchester City,Premier League,2022-2023
0,Player,Gross P/W(IN GBP),Gross P/Y(IN GBP),Gross(IN GBP),"Expiration Jun 30, 2023Jun 30, 2024Jun 30, 2025Jun 30, 2026Jun 30, 2027",Length 1-yr2-yrs3-yrs4-yrs5-yrs,GrossRemaining(IN GBP),ReleaseClause(IN GBP),Pos. DFKM,Pos. AMCBCFCMDMGKLBLWRBRW,Age,Status ReserveStarter,Country,Active,Manchester United,Premier League,2022-2023
1,Cristiano Ronaldo,"£ 515,000","£ 26,780,000",,"Jun 30, 2023",1-yr,"£ 26,780,000",,F,CF,37,Reserve,Portugal,,Manchester United,Premier League,2022-2023
2,David de Gea,"£ 375,000","£ 19,500,000",,"Jun 30, 2023",1-yr,"£ 19,500,000",,K,GK,31,Starter,Spain,,Manchester United,Premier League,2022-2023
3,Jadon Sancho,"£ 350,000","£ 18,200,000",,"Jun 30, 2026",4-yrs,"£ 72,800,000",,F,LW,22,Starter,England,,Manchester United,Premier League,2022-2023
4,Raphaël Varane,"£ 340,000","£ 17,680,000",,"Jun 30, 2025",3-yrs,"£ 53,040,000",,D,CB,29,Starter,France,,Manchester United,Premier League,2022-2023
5,Casemiro,"£ 300,000","£ 15,600,000","£ 2,600,000","Jun 30, 2026",4-yrs,"£ 62,400,000",,M,DM,30,Reserve,Brazil,,Manchester United,Premier League,2022-2023
6,Anthony Martial,"£ 250,000","£ 13,000,000",,"Jun 30, 2024",2-yrs,"£ 26,000,000",,F,CF,26,Reserve,France,,Manchester United,Premier League,2022-2023
7,Bruno Fernandes,"£ 240,000","£ 12,480,000",,"Jun 30, 2026",4-yrs,"£ 49,920,000",,F,AM,27,Starter,Portugal,,Manchester United,Premier League,2022-2023
8,Marcus Rashford,"£ 200,000","£ 10,400,000",,"Jun 30, 2023",1-yr,"£ 10,400,000",,F,LW,24,Starter,England,,Manchester United,Premier League,2022-2023
9,Antony,"£ 200,000","£ 10,400,000",,"Jun 30, 2027",5-yrs,"£ 52,000,000",,F,RW,22,Starter,Brazil,,Manchester United,Premier League,2022-2023
10,Harry Maguire,"£ 190,000","£ 9,880,000",,"Jun 30, 2025",3-yrs,"£ 29,640,000",,D,CB,29,Reserve,England,,Manchester United,Premier League,2022-2023
11,Luke Shaw,"£ 150,000","£ 7,800,000",,"Jun 30, 2023",1-yr,"£ 7,800,000",,D,LB,27,Reserve,England,,Manchester United,Premier League,2022-2023
12,Christian Eriksen,"£ 150,000","£ 7,800,000",,"Jun 30, 2025",3-yrs,"£ 23,400,000",,F,AM,30,Starter,Denmark,,Manchester United,Premier League,2022-2023
13,Victor Lindelöf,"£ 120,000","£ 6,240,000",,"Jun 30, 2024",2-yrs,"£ 12,480,000",,D,CB,28,Reserve,Sweden,,Manchester United,Premier League,2022-2023
14,Donny van de Beek,"£ 120,000","£ 6,240,000",,"Jun 30, 2025",3-yrs,"£ 18,720,000",,M,CM,25,Reserve,Netherlands,,Manchester United,Premier League,2022-2023
15,Fred,"£ 120,000","£ 6,240,000",,"Jun 30, 2023",1-yr,"£ 6,240,000",,M,CM,29,Reserve,Brazil,,Manchester United,Premier League,2022-2023
16,Lisandro Martínez,"£ 120,000","£ 6,240,000",,"Jun 30, 2027",5-yrs,"£ 31,200,000",,D,CB,24,Starter,Argentina,,Manchester United,Premier League,2022-2023
17,Aaron Wan-Bissaka,"£ 90,000","£ 4,680,000",,"Jun 30, 2024",2-yrs,"£ 9,360,000",,D,RB,24,Reserve,England,,Manchester United,Premier League,2022-2023
18,Tyrell Malacia,"£ 75,000","£ 3,900,000",,"Jun 30, 2026",4-yrs,"£ 15,600,000",,D,LB,23,Starter,Netherlands,,Manchester United,Premier League,2022-2023
19,Phil Jones,"£ 75,000","£ 3,900,000",,"Jun 30, 2023",1-yr,"£ 3,900,000",,D,CB,30,Reserve,England,,Manchester United,Premier League,2022-2023
20,Brandon Williams,"£ 65,000","£ 3,380,000",,"Jun 30, 2024",2-yrs,"£ 6,760,000",,D,LB,21,Reserve,England,,Manchester United,Premier League,2022-2023
21,Scott McTominay,"£ 60,000","£ 3,120,000",,"Jun 30, 2025",3-yrs,"£ 9,360,000",,M,DM,25,Starter,Scotland,,Manchester United,Premier League,2022-2023
22,Axel Tuanzebe,"£ 50,000","£ 2,600,000",,"Jun 30, 2023",1-yr,"£ 2,600,000",,D,CB,24,Reserve,England,,Manchester United,Premier League,2022-2023
23,Tom Heaton,"£ 45,000","£ 2,340,000",,"Jun 30, 2023",1-yr,"£ 2,340,000",,K,GK,36,Reserve,England,,Manchester United,Premier League,2022-2023
24,Martin Dubravka,"£ 40,000","£ 2,080,000",,"Jun 30, 2023",1-yr,"£ 2,080,000",,K,GK,33,Reserve,Slovakia,,Manchester United,Premier League,2022-2023
25,Diogo Dalot,"£ 25,000","£ 1,300,000",,"Jun 30, 2023",1-yr,"£ 1,300,000",,D,RB,23,Starter,Portugal,,Manchester United,Premier League,2022-2023
26,Facundo Pellistri,"£ 20,000","£ 1,040,000",,"Jun 30, 2025",3-yrs,"£ 3,120,000",,F,RW,20,Reserve,Uruguay,,Manchester United,Premier League,2022-2023
27,Anthony Elanga,"£ 5,000","£ 260,000",,"Jun 30, 2026",4-yrs,"£ 1,040,000",,F,LW,20,Reserve,Sweden,,Manchester United,Premier League,2022-2023
28,Alejandro Garnacho,"£ 5,000","£ 260,000",,"Jun 30, 2023",1-yr,"£ 260,000",,F,LW,18,Reserve,Argentina,,Manchester United,Premier League,2022-2023
29,Shola Shoretire,"£ 5,000","£ 260,000",,"Jun 30, 2023",1-yr,"£ 260,000",,F,RW,18,Reserve,England,,Manchester United,Premier League,2022-2023
30,Teden Mengi,"£ 5,000","£ 260,000",,"Jun 30, 2024",2-yrs,"£ 520,000",,D,CB,20,Reserve,England,,Manchester United,Premier League,2022-2023
31,Mason Greenwood,£ 0,£ 0,,"Jun 30, 2025",3-yrs,£ 0,,F,RW,20,Reserve,England,,Manchester United,Premier League,2022-2023
32,Total,"£ 4,305,000","£ 223,860,000","£ 2,600,000",,,"£ 560,820,000",£ 0,,,,,,,Manchester United,Premier League,2022-2023
0,Player,Gross P/W(IN GBP),Gross P/Y(IN GBP),Gross(IN GBP),"Expiration Dec 31, 2022Jun 30, 2023Jun 30, 2024Jun 30, 2025Jun 30, 2026Jun 30, 2027Jun 30, 2028",Length 1-yr2-yrs3-yrs4-yrs5-yrs6-yrs,GrossRemaining(IN GBP),ReleaseClause(IN GBP),Pos. DFKM,Pos. AMCBCFCMDMGKLBLWRBRMRW,Age,Status ReserveStarter,Country,Active,Newcastle,Premier League,2022-2023
1,Alexander Isak,"£ 120,000","£ 6,240,000",,"Jun 30, 2028",6-yrs,"£ 37,440,000",,F,CF,22,Starter,Sweden,,Newcastle,Premier League,2022-2023
2,Bruno Guimarães,"£ 120,000","£ 6,240,000",,"Jun 30, 2026",4-yrs,"£ 24,960,000",,M,DM,24,Starter,Brazil,,Newcastle,Premier League,2022-2023
3,Kieran Trippier,"£ 100,000","£ 5,200,000",,"Jun 30, 2024",2-yrs,"£ 10,400,000",,D,RB,31,Starter,England,,Newcastle,Premier League,2022-2023
4,Matt Targett,"£ 100,000","£ 5,200,000",,"Jun 30, 2026",4-yrs,"£ 20,800,000",,D,LB,26,Starter,England,,Newcastle,Premier League,2022-2023
5,Sven Botman,"£ 90,000","£ 4,680,000",,"Jun 30, 2027",5-yrs,"£ 23,400,000",,D,CB,22,Reserve,Netherlands,,Newcastle,Premier League,2022-2023
6,Joelinton,"£ 85,000","£ 4,420,000",,"Jun 30, 2025",3-yrs,"£ 13,260,000",,F,AM,26,Starter,Brazil,,Newcastle,Premier League,2022-2023
7,Chris Wood,"£ 80,000","£ 4,160,000",,"Jun 30, 2024",2-yrs,"£ 8,320,000",,F,CF,30,Reserve,New Zealand,,Newcastle,Premier League,2022-2023
8,Joe Willock,"£ 80,000","£ 4,160,000",,"Jun 30, 2027",5-yrs,"£ 20,800,000",,M,CM,23,Starter,England,,Newcastle,Premier League,2022-2023
9,Jonjo Shelvey,"£ 70,000","£ 3,640,000",,"Jun 30, 2023",1-yr,"£ 3,640,000",,M,CM,30,Reserve,England,,Newcastle,Premier League,2022-2023
10,Allan Saint-Maximin,"£ 70,000","£ 3,640,000",,"Jun 30, 2026",4-yrs,"£ 14,560,000",,F,LW,25,Reserve,France,,Newcastle,Premier League,2022-2023
11,Nick Pope,"£ 60,000","£ 3,120,000",,"Jun 30, 2026",4-yrs,"£ 12,480,000",,K,GK,30,Starter,England,,Newcastle,Premier League,2022-2023
12,Emil Krafth,"£ 55,000","£ 2,860,000",,"Jun 30, 2024",2-yrs,"£ 5,720,000",,D,RB,28,Reserve,Sweden,,Newcastle,Premier League,2022-2023
13,Sean Longstaff,"£ 50,000","£ 2,600,000",,"Jun 30, 2025",3-yrs,"£ 7,800,000",,M,CM,24,Reserve,England,,Newcastle,Premier League,2022-2023
14,Callum Wilson,"£ 46,000","£ 2,392,000",,"Jun 30, 2024",2-yrs,"£ 4,784,000",,F,CF,30,Reserve,England,,Newcastle,Premier League,2022-2023
15,Matt Ritchie,"£ 45,000","£ 2,340,000",,"Jun 30, 2023",1-yr,"£ 2,340,000",,M,RM,32,Reserve,Scotland,,Newcastle,Premier League,2022-2023
16,Miguel Almirón,"£ 42,000","£ 2,184,000",,"Jun 30, 2024",2-yrs,"£ 4,368,000","£ 60,000,000",F,AM,28,Starter,Paraguay,,Newcastle,Premier League,2022-2023
17,Ryan Fraser,"£ 42,000","£ 2,184,000",,"Jun 30, 2025",3-yrs,"£ 6,552,000",,F,LW,28,Starter,Scotland,,Newcastle,Premier League,2022-2023
18,Jamaal Lascelles,"£ 40,000","£ 2,080,000",,"Jun 30, 2024",2-yrs,"£ 4,160,000",,D,CB,28,Reserve,England,,Newcastle,Premier League,2022-2023
19,Fabian Schär,"£ 40,000","£ 2,080,000",,"Jun 30, 2024",2-yrs,"£ 4,160,000",,D,CB,30,Starter,Switzerland,,Newcastle,Premier League,2022-2023
20,Jamal Lewis,"£ 38,000","£ 1,976,000",,"Jun 30, 2025",3-yrs,"£ 5,928,000",,D,LB,24,Reserve,Northern Ireland,,Newcastle,Premier League,2022-2023
21,Dan Burn,"£ 35,000","£ 1,820,000",,"Jun 30, 2024",2-yrs,"£ 3,640,000",,D,CB,30,Starter,England,,Newcastle,Premier League,2022-2023
22,Jacob Murphy,"£ 35,000","£ 1,820,000",,"Jun 30, 2027",5-yrs,"£ 9,100,000",,F,RW,27,Reserve,England,,Newcastle,Premier League,2022-2023
23,Javier Manquillo,"£ 35,000","£ 1,820,000",,"Jun 30, 2024",2-yrs,"£ 3,640,000",,D,RB,28,Reserve,Spain,,Newcastle,Premier League,2022-2023
24,Paul Dummett,"£ 35,000","£ 1,820,000",,"Jun 30, 2023",1-yr,"£ 1,820,000",,D,LB,30,Reserve,Wales,,Newcastle,Premier League,2022-2023
25,Karl Darlow,"£ 30,000","£ 1,560,000",,"Jun 30, 2025",3-yrs,"£ 4,680,000",,K,GK,31,Reserve,England,,Newcastle,Premier League,2022-2023
26,Loris Karius,"£ 20,000","£ 1,040,000",,"Dec 31, 2022",1-yr,"£ 1,040,000",,K,GK,29,Reserve,Germany,,Newcastle,Premier League,2022-2023
27,Mark Gillespie,"£ 10,000","£ 520,000",,"Jun 30, 2023",1-yr,"£ 520,000",,K,GK,30,Reserve,England,,Newcastle,Premier League,2022-2023
28,Elliot Anderson,"£ 3,000","£ 156,000",,"Jun 30, 2024",2-yrs,"£ 312,000",,F,AM,19,Reserve,Scotland,,Newcastle,Premier League,2022-2023
29,Total,"£ 1,576,000","£ 81,952,000",£ 0,,,"£ 260,624,000","£ 60,000,000",,,,,,,Newcastle,Premier League,2022-2023
0,Player,Gross P/W(IN GBP),Gross P/Y(IN GBP),Gross(IN GBP),"Expiration Jun 30, 2023Jun 30, 2024Jun 30, 2025Jun 30, 2026Jun 30, 2027May 31, 2023",Length 1-yr2-yrs3-yrs4-yrs5-yrs,GrossRemaining(IN GBP),ReleaseClause(IN GBP),Pos. DFKM,Pos. AMCBCFCMDMGKLBRBSS,Age,Status ReserveStarter,Country,Active,Nottingham Forest,Premier League,2022-2023
1,Jesse Lingard,"£ 200,000","£ 10,400,000",,"Jun 30, 2023",1-yr,"£ 10,400,000",,F,AM,29,Reserve,England,,Nottingham Forest,Premier League,2022-2023
2,Dean Henderson,"£ 100,000","£ 5,200,000",,"May 31, 2023",1-yr,"£ 5,200,000",,K,GK,25,Starter,England,,Nottingham Forest,Premier League,2022-2023
3,Renan Lodi,"£ 62,308","£ 3,240,000",,"Jun 30, 2023",1-yr,"£ 3,240,000",,D,LB,24,Starter,Brazil,,Nottingham Forest,Premier League,2022-2023
4,Steve Cook,"£ 35,192","£ 1,830,000",,"Jun 30, 2024",2-yrs,"£ 3,660,000",,D,CB,31,Starter,England,,Nottingham Forest,Premier League,2022-2023
5,Loïc Badé,"£ 26,154","£ 1,360,000",,"Jun 30, 2023",1-yr,"£ 1,360,000",,D,CB,22,Reserve,France,,Nottingham Forest,Premier League,2022-2023
6,Harry Arter,"£ 22,308","£ 1,160,000",,"Jun 30, 2023",1-yr,"£ 1,160,000",,M,CM,32,Reserve,Ireland,,Nottingham Forest,Premier League,2022-2023
7,Lyle Taylor,"£ 20,000","£ 1,040,000",,"Jun 30, 2023",1-yr,"£ 1,040,000",,F,CF,32,Reserve,Montserrat,,Nottingham Forest,Premier League,2022-2023
8,Cafú,"£ 17,692","£ 920,000",,"Jun 30, 2023",1-yr,"£ 920,000",,M,CM,29,Reserve,Portugal,,Nottingham Forest,Premier League,2022-2023
9,Scott McKenna,"£ 15,000","£ 780,000",,"Jun 30, 2024",2-yrs,"£ 1,560,000",,D,CB,25,Starter,Scotland,,Nottingham Forest,Premier League,2022-2023
10,Sam Surridge,"£ 12,692","£ 660,000",,"Jun 30, 2024",2-yrs,"£ 1,320,000",,F,CF,24,Reserve,England,,Nottingham Forest,Premier League,2022-2023
11,Jack Colback,"£ 10,000","£ 520,000",,"Jun 30, 2023",1-yr,"£ 520,000",,M,DM,32,Reserve,England,,Nottingham Forest,Premier League,2022-2023
12,Joe Worrall,"£ 10,000","£ 520,000",,"Jun 30, 2024",2-yrs,"£ 1,040,000",,D,CB,25,Reserve,England,,Nottingham Forest,Premier League,2022-2023
13,Ryan Yates,"£ 8,077","£ 420,000",,"Jun 30, 2025",3-yrs,"£ 1,260,000",,M,CM,24,Starter,England,,Nottingham Forest,Premier League,2022-2023
14,Loïc Mbe Soh,"£ 5,577","£ 290,000",,"Jun 30, 2024",2-yrs,"£ 580,000",,D,CB,21,Reserve,France,,Nottingham Forest,Premier League,2022-2023
15,Jordan Smith,"£ 2,500","£ 130,000",,"Jun 30, 2023",1-yr,"£ 130,000",,K,GK,27,Reserve,England,,Nottingham Forest,Premier League,2022-2023
16,Brennan Johnson,"£ 2,308","£ 120,000",,"Jun 30, 2026",4-yrs,"£ 480,000",,F,SS,21,Starter,Wales,,Nottingham Forest,Premier League,2022-2023
17,Morgan Gibbs-White,£ 0,£ 0,,"Jun 30, 2027",5-yrs,£ 0,,F,AM,22,Starter,England,,Nottingham Forest,Premier League,2022-2023
18,Moussa Niakhaté,£ 0,£ 0,,"Jun 30, 2025",3-yrs,£ 0,,D,CB,26,Reserve,France,,Nottingham Forest,Premier League,2022-2023
19,Neco Williams,£ 0,£ 0,,"Jun 30, 2026",4-yrs,£ 0,,D,RB,21,Starter,Wales,,Nottingham Forest,Premier League,2022-2023
20,Omar Richards,£ 0,£ 0,,"Jun 30, 2026",4-yrs,£ 0,,D,LB,24,Reserve,England,,Nottingham Forest,Premier League,2022-2023
21,Orel Mangala,£ 0,£ 0,,"Jun 30, 2026",4-yrs,£ 0,,M,CM,24,Reserve,Belgium,,Nottingham Forest,Premier League,2022-2023
22,Remo Freuler,£ 0,£ 0,,"Jun 30, 2023",1-yr,£ 0,,M,CM,30,Starter,Switzerland,,Nottingham Forest,Premier League,2022-2023
23,Lewis O'Brien,£ 0,£ 0,,"Jun 30, 2026",4-yrs,£ 0,,M,CM,23,Reserve,England,,Nottingham Forest,Premier League,2022-2023
24,Harry Toffolo,£ 0,£ 0,,"Jun 30, 2026",4-yrs,£ 0,,D,LB,27,Reserve,England,,Nottingham Forest,Premier League,2022-2023
25,Giulian Biancone,£ 0,£ 0,,"Jun 30, 2025",3-yrs,£ 0,,D,RB,22,Reserve,France,,Nottingham Forest,Premier League,2022-2023
26,Emmanuel Dennis,£ 0,£ 0,,"Jun 30, 2026",4-yrs,£ 0,,F,CF,24,Reserve,Nigeria,,Nottingham Forest,Premier League,2022-2023
27,Cheikhou Kouyaté,£ 0,£ 0,,"Jun 30, 2024",2-yrs,£ 0,,M,DM,32,Reserve,Senegal,,Nottingham Forest,Premier League,2022-2023
28,Taiwo Awoniyi,£ 0,£ 0,,"Jun 30, 2027",5-yrs,£ 0,,F,CF,25,Starter,Nigeria,,Nottingham Forest,Premier League,2022-2023
29,Wayne Hennessey,£ 0,£ 0,,"Jun 30, 2024",2-yrs,£ 0,,K,GK,35,Reserve,Wales,,Nottingham Forest,Premier League,2022-2023
30,Willy Boly,£ 0,£ 0,,"Jun 30, 2024",2-yrs,£ 0,,D,CB,31,Starter,Cote d'Ivoire,,Nottingham Forest,Premier League,2022-2023
31,Total,"£ 549,808","£ 28,590,000",£ 0,,,"£ 33,870,000",£ 0,,,,,,,Nottingham Forest,Premier League,2022-2023
0,Player,Gross P/W(IN GBP),Gross P/Y(IN GBP),Gross(IN GBP),"Expiration Jun 30, 2023Jun 30, 2024Jun 30, 2025Jun 30, 2026Jun 30, 2027May 31, 2023",Length 1-yr2-yrs3-yrs4-yrs5-yrs,GrossRemaining(IN GBP),ReleaseClause(IN GBP),Pos. DFKM,Pos. CBCFCMDMGKLBLWRBRMRW,Age,Status ReserveStarter,Country,Active,Southampton,Premier League,2022-2023
1,Theo Walcott,"£ 75,000","£ 3,900,000",,"Jun 30, 2023",1-yr,"£ 3,900,000",,F,RW,33,Reserve,England,,Southampton,Premier League,2022-2023
2,Mohamed Elyounoussi,"£ 60,000","£ 3,120,000",,"Jun 30, 2023",1-yr,"£ 3,120,000",,F,LW,28,Starter,Norway,,Southampton,Premier League,2022-2023
3,Moussa Djenepo,"£ 55,000","£ 2,860,000",,"Jun 30, 2023",1-yr,"£ 2,860,000",,F,LW,24,Starter,Mali,,Southampton,Premier League,2022-2023
4,Ibrahima Diallo,"£ 55,000","£ 2,860,000",,"Jun 30, 2024",2-yrs,"£ 5,720,000",,M,DM,23,Starter,France,,Southampton,Premier League,2022-2023
5,Stuart Armstrong,"£ 50,000","£ 2,600,000",,"Jun 30, 2024",2-yrs,"£ 5,200,000",,M,CM,30,Reserve,Scotland,,Southampton,Premier League,2022-2023
6,Alex McCarthy,"£ 50,000","£ 2,600,000",,"Jun 30, 2025",3-yrs,"£ 7,800,000",,K,GK,32,Reserve,England,,Southampton,Premier League,2022-2023
7,Lyanco,"£ 48,077","£ 2,500,000",,"Jun 30, 2025",3-yrs,"£ 7,500,000",,D,CB,25,Reserve,Brazil,,Southampton,Premier League,2022-2023
8,Adam Armstrong,"£ 47,885","£ 2,490,000",,"Jun 30, 2025",3-yrs,"£ 7,470,000",,F,CF,25,Starter,England,,Southampton,Premier League,2022-2023
9,James Ward-Prowse,"£ 45,000","£ 2,340,000",,"Jun 30, 2026",4-yrs,"£ 9,360,000",,M,CM,27,Starter,England,,Southampton,Premier League,2022-2023
10,Romain Perraud,"£ 39,231","£ 2,040,000",,"Jun 30, 2025",3-yrs,"£ 6,120,000",,D,LB,24,Starter,France,,Southampton,Premier League,2022-2023
11,Ché Adams,"£ 30,000","£ 1,560,000",,"Jun 30, 2024",2-yrs,"£ 3,120,000",,F,CF,26,Starter,Scotland,,Southampton,Premier League,2022-2023
12,Mohammed Salisu,"£ 23,077","£ 1,200,000",,"Jun 30, 2024",2-yrs,"£ 2,400,000",,D,CB,23,Starter,Ghana,,Southampton,Premier League,2022-2023
13,Kyle Walker-Peters,"£ 20,000","£ 1,040,000",,"Jun 30, 2025",3-yrs,"£ 3,120,000",,D,RB,25,Starter,England,,Southampton,Premier League,2022-2023
14,Willy Caballero,"£ 17,115","£ 890,000",,"Jun 30, 2023",1-yr,"£ 890,000",,K,GK,40,Reserve,Argentina,,Southampton,Premier League,2022-2023
15,Tino Livramento,"£ 5,000","£ 260,000",,"Jun 30, 2026",4-yrs,"£ 1,040,000",,D,RB,19,Reserve,England,,Southampton,Premier League,2022-2023
16,Samuel Edozie,£ 0,£ 0,,"Jun 30, 2027",5-yrs,£ 0,,F,LW,19,Reserve,England,,Southampton,Premier League,2022-2023
17,Sékou Mara,£ 0,£ 0,,"Jun 30, 2026",4-yrs,£ 0,,F,CF,20,Reserve,France,,Southampton,Premier League,2022-2023
18,Armel Bella-Kotchap,£ 0,£ 0,,"Jun 30, 2026",4-yrs,£ 0,,D,CB,20,Starter,Germany,,Southampton,Premier League,2022-2023
19,Ainsley Maitland-Niles,£ 0,£ 0,,"May 31, 2023",1-yr,£ 0,,M,RM,25,Reserve,England,,Southampton,Premier League,2022-2023
20,Roméo Lavia,£ 0,£ 0,,"Jun 30, 2027",5-yrs,£ 0,,M,DM,18,Reserve,Belgium,,Southampton,Premier League,2022-2023
21,Gavin Bazunu,£ 0,£ 0,,"Jun 30, 2027",5-yrs,£ 0,,K,GK,20,Starter,Ireland,,Southampton,Premier League,2022-2023
22,Duje Caleta-Car,£ 0,£ 0,,"Jun 30, 2023",1-yr,£ 0,,D,CB,25,Reserve,Croatia,,Southampton,Premier League,2022-2023
23,Joe Aribo,£ 0,£ 0,,"Jun 30, 2026",4-yrs,£ 0,,M,CM,26,Reserve,Nigeria,,Southampton,Premier League,2022-2023
24,Juan Larios,£ 0,£ 0,,"Jun 30, 2027",5-yrs,£ 0,,D,LB,18,Reserve,Spain,,Southampton,Premier League,2022-2023
25,Total,"£ 620,385","£ 32,260,000",£ 0,,,"£ 69,620,000",£ 0,,,,,,,Southampton,Premier League,2022-2023
0,Player,Gross P/W(IN GBP),Gross P/Y(IN GBP),Gross(IN GBP),"Expiration Jun 30, 2023Jun 30, 2024Jun 30, 2025Jun 30, 2026Jun 30, 2027",Length 1-yr2-yrs3-yrs4-yrs5-yrs,GrossRemaining(IN GBP),ReleaseClause(IN GBP),Pos. DFKM,Pos. CBCFCMDMGKLBLMLWRBRW,Age,Status ReserveStarter,Country,Active,Tottenham,Premier League,2022-2023
1,Harry Kane,"£ 200,000","£ 10,400,000",,"Jun 30, 2024",2-yrs,"£ 20,800,000",,F,CF,29,Starter,England,,Tottenham,Premier League,2022-2023
2,Heung-min Son,"£ 190,000","£ 9,880,000",,"Jun 30, 2025",3-yrs,"£ 29,640,000",,F,LW,30,Starter,South Korea,,Tottenham,Premier League,2022-2023
3,Ivan Perisic,"£ 180,000","£ 9,360,000",,"Jun 30, 2024",2-yrs,"£ 18,720,000",,M,LM,33,Starter,Croatia,,Tottenham,Premier League,2022-2023
4,Cristian Romero,"£ 165,000","£ 8,580,000",,"Jun 30, 2027",5-yrs,"£ 42,900,000",,D,CB,24,Reserve,Argentina,,Tottenham,Premier League,2022-2023
5,Clément Lenglet,"£ 145,000","£ 7,540,000",,"Jun 30, 2023",1-yr,"£ 7,540,000",,D,CB,27,Starter,France,,Tottenham,Premier League,2022-2023
6,Dejan Kulusevski,"£ 110,000","£ 5,720,000",,"Jun 30, 2023",1-yr,"£ 5,720,000",,F,RW,22,Starter,Sweden,,Tottenham,Premier League,2022-2023
7,Pierre-Emile Höjbjerg,"£ 100,000","£ 5,200,000",,"Jun 30, 2025",3-yrs,"£ 15,600,000",,M,CM,27,Starter,Denmark,,Tottenham,Premier League,2022-2023
8,Hugo Lloris,"£ 100,000","£ 5,200,000",,"Jun 30, 2024",2-yrs,"£ 10,400,000",,K,GK,35,Starter,France,,Tottenham,Premier League,2022-2023
9,Richarlison,"£ 90,000","£ 4,680,000","£ 2,080,000","Jun 30, 2027",5-yrs,"£ 23,400,000",,F,CF,25,Reserve,Brazil,,Tottenham,Premier League,2022-2023
10,Lucas Moura,"£ 90,000","£ 4,680,000",,"Jun 30, 2024",2-yrs,"£ 9,360,000",,F,RW,30,Reserve,Brazil,,Tottenham,Premier League,2022-2023
11,Eric Dier,"£ 85,000","£ 4,420,000",,"Jun 30, 2024",2-yrs,"£ 8,840,000",,D,CB,28,Starter,England,,Tottenham,Premier League,2022-2023
12,Ben Davies,"£ 80,000","£ 4,160,000",,"Jun 30, 2025",3-yrs,"£ 12,480,000",,D,LB,29,Reserve,Wales,,Tottenham,Premier League,2022-2023
13,Fraser Forster,"£ 75,000","£ 3,900,000",,"Jun 30, 2024",2-yrs,"£ 7,800,000",,K,GK,34,Reserve,England,,Tottenham,Premier League,2022-2023
14,Rodrigo Bentancur,"£ 75,000","£ 3,900,000",,"Jun 30, 2026",4-yrs,"£ 15,600,000",,M,CM,25,Starter,Uruguay,,Tottenham,Premier League,2022-2023
15,Davinson Sánchez,"£ 65,000","£ 3,380,000",,"Jun 30, 2024",2-yrs,"£ 6,760,000",,D,CB,26,Starter,Colombia,,Tottenham,Premier League,2022-2023
16,Matt Doherty,"£ 65,000","£ 3,380,000",,"Jun 30, 2024",2-yrs,"£ 6,760,000",,D,RB,30,Reserve,Ireland,,Tottenham,Premier League,2022-2023
17,Yves Bissouma,"£ 55,000","£ 2,860,000",,"Jun 30, 2026",4-yrs,"£ 11,440,000",,M,CM,26,Reserve,Mali,,Tottenham,Premier League,2022-2023
18,Ryan Sessegnon,"£ 55,000","£ 2,860,000",,"Jun 30, 2025",3-yrs,"£ 8,580,000",,M,LM,22,Starter,England,,Tottenham,Premier League,2022-2023
19,Oliver Skipp,"£ 40,000","£ 2,080,000",,"Jun 30, 2027",5-yrs,"£ 10,400,000",,M,DM,21,Reserve,England,,Tottenham,Premier League,2022-2023
20,Bryan Gil,"£ 40,000","£ 2,080,000",,"Jun 30, 2026",4-yrs,"£ 8,320,000",,F,LW,21,Reserve,Spain,,Tottenham,Premier League,2022-2023
21,Emerson,"£ 40,000","£ 2,080,000",,"Jun 30, 2026",4-yrs,"£ 8,320,000",,D,RB,23,Reserve,Brazil,,Tottenham,Premier League,2022-2023
22,Djed Spence,"£ 25,000","£ 1,300,000",,"Jun 30, 2027",5-yrs,"£ 6,500,000",,D,RB,22,Reserve,England,,Tottenham,Premier League,2022-2023
23,Japhet Tanganga,"£ 25,000","£ 1,300,000",,"Jun 30, 2025",3-yrs,"£ 3,900,000",,D,CB,23,Reserve,England,,Tottenham,Premier League,2022-2023
24,Brandon Austin,"£ 5,000","£ 260,000",,"Jun 30, 2024",2-yrs,"£ 520,000",,K,GK,23,Reserve,England,,Tottenham,Premier League,2022-2023
25,Sergio Reguilón,£ 0,£ 0,,"Jun 30, 2025",3-yrs,£ 0,,D,LB,25,Reserve,Spain,,Tottenham,Premier League,2022-2023
26,Total,"£ 2,100,000","£ 109,200,000","£ 2,080,000",,,"£ 300,300,000",£ 0,,,,,,,Tottenham,Premier League,2022-2023
0,Player,Gross P/W(IN GBP),Gross P/Y(IN GBP),Gross(IN GBP),"Expiration Jun 30, 2023Jun 30, 2024Jun 30, 2025Jun 30, 2026Jun 30, 2027",Length 1-yr2-yrs3-yrs4-yrs5-yrs,GrossRemaining(IN GBP),ReleaseClause(IN GBP),Pos. DFKM,Pos. AMCBCFCMDMGKLBLWRBRW,Age,Status ReserveStarter,Country,Active,West Ham,Premier League,2022-2023
1,Lucas Paquetá,"£ 150,000","£ 7,800,000",,"Jun 30, 2027",5-yrs,"£ 39,000,000",,F,AM,25,Starter,Brazil,,West Ham,Premier League,2022-2023
2,Kurt Zouma,"£ 125,000","£ 6,500,000",,"Jun 30, 2025",3-yrs,"£ 19,500,000",,D,CB,27,Starter,France,,West Ham,Premier League,2022-2023
3,Alphonse Areola,"£ 120,000","£ 6,240,000",,"Jun 30, 2027",5-yrs,"£ 31,200,000",,K,GK,29,Reserve,France,,West Ham,Premier League,2022-2023
4,Emerson,"£ 95,000","£ 4,940,000",,"Jun 30, 2026",4-yrs,"£ 19,760,000",,D,LB,28,Reserve,Italy,,West Ham,Premier League,2022-2023
5,Gianluca Scamacca,"£ 90,000","£ 4,680,000",,"Jun 30, 2027",5-yrs,"£ 23,400,000",,F,CF,23,Reserve,Italy,,West Ham,Premier League,2022-2023
6,Michail Antonio,"£ 85,000","£ 4,420,000","£ 780,000","Jun 30, 2024",2-yrs,"£ 8,840,000",,F,CF,32,Starter,Jamaica,,West Ham,Premier League,2022-2023
7,Thilo Kehrer,"£ 80,000","£ 4,160,000",,"Jun 30, 2026",4-yrs,"£ 16,640,000",,D,CB,25,Starter,Germany,,West Ham,Premier League,2022-2023
8,Manuel Lanzini,"£ 70,000","£ 3,640,000","£ 1,040,000","Jun 30, 2023",1-yr,"£ 3,640,000",,F,AM,29,Reserve,Argentina,,West Ham,Premier League,2022-2023
9,Angelo Ogbonna,"£ 70,000","£ 3,640,000",,"Jun 30, 2023",1-yr,"£ 3,640,000",,D,CB,34,Reserve,Italy,,West Ham,Premier League,2022-2023
10,Maxwel Cornet,"£ 65,000","£ 3,380,000",,"Jun 30, 2027",5-yrs,"£ 16,900,000",,F,LW,25,Reserve,Cote d'Ivoire,,West Ham,Premier League,2022-2023
11,Pablo Fornals,"£ 65,000","£ 3,380,000",,"Jun 30, 2024",2-yrs,"£ 6,760,000",,F,AM,26,Starter,Spain,,West Ham,Premier League,2022-2023
12,Tomas Soucek,"£ 65,000","£ 3,380,000",,"Jun 30, 2024",2-yrs,"£ 6,760,000",,M,DM,27,Starter,Czech Republic,,West Ham,Premier League,2022-2023
13,Lukasz Fabianski,"£ 65,000","£ 3,380,000",,"Jun 30, 2023",1-yr,"£ 3,380,000",,K,GK,37,Starter,Poland,,West Ham,Premier League,2022-2023
14,Jarrod Bowen,"£ 60,000","£ 3,120,000",,"Jun 30, 2025",3-yrs,"£ 9,360,000",,F,RW,25,Starter,England,,West Ham,Premier League,2022-2023
15,Declan Rice,"£ 60,000","£ 3,120,000",,"Jun 30, 2024",2-yrs,"£ 6,240,000",,M,DM,23,Starter,England,,West Ham,Premier League,2022-2023
16,Saïd Benrahma,"£ 55,000","£ 2,860,000",,"Jun 30, 2026",4-yrs,"£ 11,440,000",,F,LW,27,Reserve,Algeria,,West Ham,Premier League,2022-2023
17,Aaron Cresswell,"£ 50,000","£ 2,600,000",,"Jun 30, 2023",1-yr,"£ 2,600,000",,D,LB,32,Starter,England,,West Ham,Premier League,2022-2023
18,Nayef Aguerd,"£ 50,000","£ 2,600,000",,"Jun 30, 2027",5-yrs,"£ 13,000,000",,D,CB,26,Reserve,Morocco,,West Ham,Premier League,2022-2023
19,Craig Dawson,"£ 45,000","£ 2,340,000",,"Jun 30, 2023",1-yr,"£ 2,340,000",,D,CB,32,Reserve,England,,West Ham,Premier League,2022-2023
20,Vladimir Coufal,"£ 35,000","£ 1,820,000",,"Jun 30, 2023",1-yr,"£ 1,820,000",,D,RB,30,Starter,Czech Republic,,West Ham,Premier League,2022-2023
21,Darren Randolph,"£ 35,000","£ 1,820,000",,"Jun 30, 2023",1-yr,"£ 1,820,000",,K,GK,35,Reserve,Ireland,,West Ham,Premier League,2022-2023
22,Flynn Downes,"£ 25,000","£ 1,300,000",,"Jun 30, 2027",5-yrs,"£ 6,500,000",,M,CM,23,Reserve,England,,West Ham,Premier League,2022-2023
23,Ben Johnson,"£ 20,000","£ 1,040,000",,"Jun 30, 2024",2-yrs,"£ 2,080,000",,D,RB,22,Reserve,England,,West Ham,Premier League,2022-2023
24,Conor Coventry,"£ 5,000","£ 260,000",,"Jun 30, 2023",1-yr,"£ 260,000",,M,DM,22,Reserve,Ireland,,West Ham,Premier League,2022-2023
25,Total,"£ 1,585,000","£ 82,420,000","£ 1,820,000",,,"£ 256,880,000",£ 0,,,,,,,West Ham,Premier League,2022-2023
0,Player,Gross P/W(IN GBP),Gross P/Y(IN GBP),Gross(IN GBP),"Expiration Jun 30, 2023Jun 30, 2024Jun 30, 2025Jun 30, 2026Jun 30, 2027",Length 1-yr2-yrs3-yrs4-yrs5-yrs,GrossRemaining(IN GBP),ReleaseClause(IN GBP),Pos. DFKM,Pos. AMCBCFCMDMGKLBLWRBRW,Age,Status ReserveStarter,Country,Active,Wolverhampton,Premier League,2022-2023
1,João Moutinho,"£ 100,000","£ 5,200,000",,"Jun 30, 2023",1-yr,"£ 5,200,000",,M,CM,35,Starter,Portugal,,Wolverhampton,Premier League,2022-2023
2,Matheus Nunes,"£ 85,000","£ 4,420,000",,"Jun 30, 2027",5-yrs,"£ 22,100,000",,M,CM,24,Starter,Portugal,,Wolverhampton,Premier League,2022-2023
3,Nélson Semedo,"£ 76,923","£ 4,000,000",,"Jun 30, 2023",1-yr,"£ 4,000,000",,D,RB,28,Reserve,Portugal,,Wolverhampton,Premier League,2022-2023
4,Daniel Podence,"£ 60,000","£ 3,120,000",,"Jun 30, 2024",2-yrs,"£ 6,240,000",,F,RW,26,Starter,Portugal,,Wolverhampton,Premier League,2022-2023
5,Pedro Neto,"£ 50,000","£ 2,600,000",,"Jun 30, 2027",5-yrs,"£ 13,000,000",,F,LW,22,Starter,Portugal,,Wolverhampton,Premier League,2022-2023
6,Diego Costa,"£ 50,000","£ 2,600,000",,"Jun 30, 2023",1-yr,"£ 2,600,000",,F,CF,33,Reserve,Spain,,Wolverhampton,Premier League,2022-2023
7,Rúben Neves,"£ 50,000","£ 2,600,000",,"Jun 30, 2024",2-yrs,"£ 5,200,000",,M,DM,25,Starter,Portugal,,Wolverhampton,Premier League,2022-2023
8,Adama Traoré,"£ 43,077","£ 2,240,000",,"Jun 30, 2023",1-yr,"£ 2,240,000",,F,RW,26,Reserve,Spain,,Wolverhampton,Premier League,2022-2023
9,Raúl Jiménez,"£ 41,154","£ 2,140,000",,"Jun 30, 2024",2-yrs,"£ 4,280,000",,F,CF,31,Reserve,Mexico,,Wolverhampton,Premier League,2022-2023
10,Jonny Otto,"£ 36,731","£ 1,910,000",,"Jun 30, 2025",3-yrs,"£ 5,730,000",,D,LB,28,Starter,Spain,,Wolverhampton,Premier League,2022-2023
11,Léo Bonatini,"£ 35,000","£ 1,820,000",,"Jun 30, 2023",1-yr,"£ 1,820,000",,F,CF,28,Reserve,Brazil,,Wolverhampton,Premier League,2022-2023
12,José Sá,"£ 28,654","£ 1,490,000",,"Jun 30, 2026",4-yrs,"£ 5,960,000",,K,GK,29,Starter,Portugal,,Wolverhampton,Premier League,2022-2023
13,Hee-chan Hwang,"£ 19,231","£ 1,000,000",,"Jun 30, 2026",4-yrs,"£ 4,000,000",,F,CF,26,Reserve,South Korea,,Wolverhampton,Premier League,2022-2023
14,Chiquinho,"£ 18,269","£ 950,000",,"Jun 30, 2026",4-yrs,"£ 3,800,000",,F,LW,22,Reserve,Portugal,,Wolverhampton,Premier League,2022-2023
15,Max Kilman,"£ 15,000","£ 780,000",,"Jun 30, 2026",4-yrs,"£ 3,120,000",,D,CB,25,Starter,England,,Wolverhampton,Premier League,2022-2023
16,Matija Sarkic,"£ 12,500","£ 650,000",,"Jun 30, 2025",3-yrs,"£ 1,950,000",,K,GK,25,Reserve,Montenegro,,Wolverhampton,Premier League,2022-2023
17,Yerson Mosquera,"£ 7,308","£ 380,000",,"Jun 30, 2026",4-yrs,"£ 1,520,000",,D,CB,21,Reserve,Colombia,,Wolverhampton,Premier League,2022-2023
18,Rayan Aït-Nouri,"£ 4,423","£ 230,000",,"Jun 30, 2026",4-yrs,"£ 920,000",,D,LB,21,Starter,France,,Wolverhampton,Premier League,2022-2023
19,Toti Gomes,"£ 2,692","£ 140,000",,"Jun 30, 2027",5-yrs,"£ 700,000",,D,CB,23,Reserve,Portugal,,Wolverhampton,Premier League,2022-2023
20,Chem Campbell,"£ 2,500","£ 130,000",,"Jun 30, 2026",4-yrs,"£ 520,000",,F,AM,19,Reserve,Wales,,Wolverhampton,Premier League,2022-2023
21,Connor Ronan,£ 769,"£ 40,000",,"Jun 30, 2024",2-yrs,"£ 80,000",,M,CM,24,Reserve,Ireland,,Wolverhampton,Premier League,2022-2023
22,Nathan Collins,£ 0,£ 0,,"Jun 30, 2027",5-yrs,£ 0,,D,CB,21,Starter,Ireland,,Wolverhampton,Premier League,2022-2023
23,Gonçalo Guedes,£ 0,£ 0,,"Jun 30, 2027",5-yrs,£ 0,,F,LW,25,Starter,Portugal,,Wolverhampton,Premier League,2022-2023
24,Boubacar Traoré,£ 0,£ 0,,"Jun 30, 2023",1-yr,£ 0,,M,CM,21,Reserve,Mali,,Wolverhampton,Premier League,2022-2023
25,Sasa Kalajdzic,£ 0,£ 0,,"Jun 30, 2027",5-yrs,£ 0,,F,CF,25,Reserve,Austria,,Wolverhampton,Premier League,2022-2023
26,Total,"£ 739,231","£ 38,440,000",£ 0,,,"£ 94,980,000",£ 0,,,,,,,Wolverhampton,Premier League,2022-2023
