capology_clean (2),,,,,,,,,,
,0,Player,weekly_wage,Pos. DFKM,Pos. AMCBCFCMDMGKLBLWRBRMRW,Age,Country,Team,Premier League,2022-2023
0,1,Gabriel Jesus,"£265,000.00",F,CF,25,Brazil,Arsenal,Premier League,2022-2023
1,2,Thomas Partey,"£200,000.00",M,DM,29,Ghana,Arsenal,Premier League,2022-2023
2,3,Oleksandr Zinchenko,"£150,000.00",D,LB,25,Ukraine,Arsenal,Premier League,2022-2023
3,4,Ben White,"£120,000.00",D,CB,24,England,Arsenal,Premier League,2022-2023
4,5,Granit Xhaka,"£120,000.00",M,DM,29,Switzerland,Arsenal,Premier League,2022-2023
5,6,Martin Ødegaard,"£115,000.00",F,AM,23,Norway,Arsenal,Premier League,2022-2023
6,7,Kieran Tierney,"£110,000.00",D,LB,25,Scotland,Arsenal,Premier League,2022-2023
7,8,Eddie Nketiah,"£100,000.00",F,CF,23,England,Arsenal,Premier League,2022-2023
8,9,Gabriel Martinelli,"£90,000.00",F,LW,21,Brazil,Arsenal,Premier League,2022-2023
9,10,Cédric Soares,"£75,000.00",D,RB,31,Portugal,Arsenal,Premier League,2022-2023
10,11,Bukayo Saka,"£70,000.00",M,RM,20,England,Arsenal,Premier League,2022-2023
11,12,Aaron Ramsdale,"£60,000.00",K,GK,24,England,Arsenal,Premier League,2022-2023
12,13,Takehiro Tomiyasu,"£55,000.00",D,RB,23,Japan,Arsenal,Premier League,2022-2023
13,14,Mohamed Elneny,"£55,000.00",M,DM,30,Egypt,Arsenal,Premier League,2022-2023
14,15,Gabriel Magalhães,"£50,000.00",D,CB,24,Brazil,Arsenal,Premier League,2022-2023
15,16,Albert Sambi Lokonga,"£50,000.00",M,CM,22,Belgium,Arsenal,Premier League,2022-2023
16,17,Fábio Vieira,"£45,000.00",F,AM,22,Portugal,Arsenal,Premier League,2022-2023
17,18,William Saliba,"£40,000.00",D,CB,21,France,Arsenal,Premier League,2022-2023
18,19,Emile Smith Rowe,"£40,000.00",F,AM,22,England,Arsenal,Premier League,2022-2023
19,20,Rob Holding,"£40,000.00",D,CB,26,England,Arsenal,Premier League,2022-2023
20,21,Matt Turner,"£35,000.00",K,GK,28,United States,Arsenal,Premier League,2022-2023
21,22,Marquinhos,"£30,000.00",F,RW,19,Brazil,Arsenal,Premier League,2022-2023
22,23,Reiss Nelson,"£15,000.00",F,RW,22,England,Arsenal,Premier League,2022-2023
25,1,Lucas Digne,"£160,000.00",D,LB,29,France,Aston Villa,Premier League,2022-2023
26,2,Boubacar Kamara,"£150,000.00",M,DM,22,France,Aston Villa,Premier League,2022-2023
27,3,Philippe Coutinho,"£125,000.00",F,LW,30,Brazil,Aston Villa,Premier League,2022-2023
28,4,Emiliano Martínez,"£120,000.00",K,GK,30,Argentina,Aston Villa,Premier League,2022-2023
29,5,Danny Ings,"£120,000.00",F,CF,30,England,Aston Villa,Premier League,2022-2023
30,6,Diego Carlos,"£100,000.00",D,CB,29,Brazil,Aston Villa,Premier League,2022-2023
31,7,Leon Bailey,"£100,000.00",F,LW,25,Jamaica,Aston Villa,Premier League,2022-2023
32,8,Leander Dendoncker,"£90,000.00",M,DM,27,Belgium,Aston Villa,Premier League,2022-2023
33,9,Matty Cash,"£80,000.00",D,RB,25,Poland,Aston Villa,Premier League,2022-2023
34,10,Tyrone Mings,"£80,000.00",D,CB,29,England,Aston Villa,Premier League,2022-2023
35,11,Emiliano Buendía,"£75,000.00",F,RW,25,Argentina,Aston Villa,Premier League,2022-2023
36,12,Ollie Watkins,"£75,000.00",F,CF,26,England,Aston Villa,Premier League,2022-2023
37,13,Douglas Luiz,"£75,000.00",M,DM,24,Brazil,Aston Villa,Premier League,2022-2023
38,14,Jacob Ramsey,"£70,000.00",M,CM,21,England,Aston Villa,Premier League,2022-2023
39,15,Jan Bednarek,"£60,000.00",D,CB,26,Poland,Aston Villa,Premier League,2022-2023
40,16,John McGinn,"£55,000.00",M,CM,27,Scotland,Aston Villa,Premier League,2022-2023
41,17,Ashley Young,"£50,000.00",D,LB,37,England,Aston Villa,Premier League,2022-2023
42,18,Calum Chambers,"£50,000.00",D,CB,27,England,Aston Villa,Premier League,2022-2023
43,19,Robin Olsen,"£50,000.00",K,GK,32,Sweden,Aston Villa,Premier League,2022-2023
44,20,Morgan Sanson,"£45,000.00",M,CM,28,France,Aston Villa,Premier League,2022-2023
45,21,Keinan Davis,"£45,000.00",F,CF,24,England,Aston Villa,Premier League,2022-2023
46,22,Frédéric Guilbert,"£40,000.00",D,RB,27,France,Aston Villa,Premier League,2022-2023
47,23,Ezri Konsa,"£30,000.00",D,CB,24,England,Aston Villa,Premier League,2022-2023
48,24,Marvelous Nakamba,"£30,000.00",M,DM,28,Zimbabwe,Aston Villa,Premier League,2022-2023
49,25,Jed Steer,"£20,000.00",K,GK,29,England,Aston Villa,Premier League,2022-2023
50,26,Ludwig Augustinsson,"£20,000.00",D,LB,28,Sweden,Aston Villa,Premier League,2022-2023
51,27,Cameron Archer,"£20,000.00",F,CF,20,England,Aston Villa,Premier League,2022-2023
54,1,Jefferson Lerma,"£55,000.00",M,DM,27,Colombia,Bournemouth,Premier League,2022-2023
55,2,Marcos Senesi,"£50,000.00",D,CB,25,Argentina,Bournemouth,Premier League,2022-2023
56,3,David Brooks,"£50,000.00",F,RW,25,Wales,Bournemouth,Premier League,2022-2023
57,4,Dominic Solanke,"£50,000.00",F,CF,24,England,Bournemouth,Premier League,2022-2023
58,5,Neto,"£50,000.00",K,GK,33,Brazil,Bournemouth,Premier League,2022-2023
59,6,Jack Stephens,"£45,000.00",D,CB,28,England,Bournemouth,Premier League,2022-2023
60,7,Lewis Cook,"£40,000.00",M,CM,25,England,Bournemouth,Premier League,2022-2023
61,8,Philip Billing,"£40,000.00",M,CM,26,Denmark,Bournemouth,Premier League,2022-2023
62,9,Ryan Fredericks,"£35,000.00",D,RB,29,England,Bournemouth,Premier League,2022-2023
63,10,Chris Mepham,"£35,000.00",D,CB,24,Wales,Bournemouth,Premier League,2022-2023
64,11,Adam Smith,"£35,000.00",D,RB,31,England,Bournemouth,Premier League,2022-2023
65,12,Junior Stanislas,"£35,000.00",F,LW,32,England,Bournemouth,Premier League,2022-2023
66,13,Ryan Christie,"£30,000.00",F,AM,27,Scotland,Bournemouth,Premier League,2022-2023
67,14,Lloyd Kelly,"£30,000.00",D,CB,23,England,Bournemouth,Premier League,2022-2023
68,15,Jack Stacey,"£30,000.00",D,RB,26,England,Bournemouth,Premier League,2022-2023
69,16,Marcus Tavernier,"£20,000.00",M,CM,23,England,Bournemouth,Premier League,2022-2023
70,17,Mark Travers,"£20,000.00",K,GK,23,Ireland,Bournemouth,Premier League,2022-2023
71,18,Kieffer Moore,"£15,000.00",F,CF,30,Wales,Bournemouth,Premier League,2022-2023
72,19,Emiliano Marcondes,"£15,000.00",F,AM,27,Denmark,Bournemouth,Premier League,2022-2023
73,20,Jamal Lowe,"£12,000.00",F,RW,28,Jamaica,Bournemouth,Premier League,2022-2023
74,21,Jaidon Anthony,"£10,000.00",F,LW,22,England,Bournemouth,Premier League,2022-2023
75,22,Jordan Zemura,"£8,000.00",D,LB,22,Zimbabwe,Bournemouth,Premier League,2022-2023
76,23,Ben Pearson,"£8,000.00",M,CM,27,England,Bournemouth,Premier League,2022-2023
77,24,Joe Rothwell,"£8,000.00",M,CM,27,England,Bournemouth,Premier League,2022-2023
78,25,Siriki Dembélé,"£8,000.00",F,LW,25,Scotland,Bournemouth,Premier League,2022-2023
79,26,James Hill,"£3,000.00",D,CB,20,England,Bournemouth,Premier League,2022-2023
80,27,Will Dennis,"£2,000.00",K,GK,22,England,Bournemouth,Premier League,2022-2023
83,1,Pontus Jansson,"£25,000.00",D,CB,31,Sweden,Brentford,Premier League,2022-2023
84,2,David Raya,"£25,000.00",K,GK,26,Spain,Brentford,Premier League,2022-2023
85,3,Kristoffer Ajer,"£22,115.00",D,CB,24,Norway,Brentford,Premier League,2022-2023
86,4,Ivan Toney,"£21,154.00",F,CF,26,England,Brentford,Premier League,2022-2023
87,5,Mathias Jensen,"£20,000.00",M,CM,26,Denmark,Brentford,Premier League,2022-2023
88,6,Christian Nörgaard,"£20,000.00",M,DM,28,Denmark,Brentford,Premier League,2022-2023
89,7,Bryan Mbeumo,"£20,000.00",F,RW,23,Cameroon,Brentford,Premier League,2022-2023
90,8,Frank Onyeka,"£18,462.00",M,CM,24,Nigeria,Brentford,Premier League,2022-2023
91,9,Joshua Da Silva,"£18,077.00",M,DM,23,England,Brentford,Premier League,2022-2023
92,10,Saman Ghoddos,"£15,000.00",F,AM,28,Iran,Brentford,Premier League,2022-2023
93,11,Ethan Pinnock,"£15,000.00",D,CB,29,Jamaica,Brentford,Premier League,2022-2023
94,12,Sergi Canós,"£15,000.00",F,RW,25,Spain,Brentford,Premier League,2022-2023
95,13,Shandon Baptiste,"£11,923.00",M,CM,24,Grenada,Brentford,Premier League,2022-2023
96,14,Rico Henry,"£11,923.00",D,LB,25,England,Brentford,Premier League,2022-2023
97,15,Yoane Wissa,"£11,923.00",F,LW,25,Democratic Republic of the Congo,Brentford,Premier League,2022-2023
98,16,Vitaly Janelt,"£10,000.00",M,DM,24,Germany,Brentford,Premier League,2022-2023
99,17,Charlie Goode,"£7,500.00",D,CB,27,England,Brentford,Premier League,2022-2023
100,18,Mads Roerslev Rasmussen,"£5,000.00",D,RB,23,Denmark,Brentford,Premier League,2022-2023
109,1,Adam Lallana,"£90,385.00",F,AM,34,England,Brighton,Premier League,2022-2023
110,2,Danny Welbeck,"£55,000.00",F,CF,31,England,Brighton,Premier League,2022-2023
111,3,Pascal Groß,"£50,000.00",M,CM,31,Germany,Brighton,Premier League,2022-2023
112,4,Lewis Dunk,"£45,000.00",D,CB,30,England,Brighton,Premier League,2022-2023
113,5,Leandro Trossard,"£42,500.00",F,LW,27,Belgium,Brighton,Premier League,2022-2023
114,6,Joël Veltman,"£38,462.00",D,RB,30,Netherlands,Brighton,Premier League,2022-2023
115,7,Adam Webster,"£38,077.00",D,CB,27,England,Brighton,Premier League,2022-2023
116,8,Tariq Lamptey,"£35,000.00",D,RB,21,Ghana,Brighton,Premier League,2022-2023
117,9,Alexis Mac Allister,"£30,769.00",F,AM,23,Argentina,Brighton,Premier League,2022-2023
118,10,Solly March,"£30,000.00",M,LM,28,England,Brighton,Premier League,2022-2023
119,11,Jason Steele,"£15,962.00",K,GK,32,England,Brighton,Premier League,2022-2023
120,12,Jakub Moder,"£10,000.00",M,CM,23,Poland,Brighton,Premier League,2022-2023
121,13,Robert Sánchez,"£10,000.00",K,GK,24,Spain,Brighton,Premier League,2022-2023
122,14,Jan Paul van Hecke,"£4,615.00",D,CB,22,Netherlands,Brighton,Premier League,2022-2023
123,15,Moisés Caicedo,"£3,462.00",M,CM,20,Ecuador,Brighton,Premier League,2022-2023
134,1,Raheem Sterling,"£325,000.00",F,LW,27,England,Chelsea,Premier League,2022-2023
135,2,Kalidou Koulibaly,"£295,000.00",D,CB,31,Senegal,Chelsea,Premier League,2022-2023
136,3,N'Golo Kanté,"£290,000.00",M,DM,31,France,Chelsea,Premier League,2022-2023
137,4,Reece James,"£250,000.00",D,RB,22,England,Chelsea,Premier League,2022-2023
138,5,Wesley Fofana,"£200,000.00",D,CB,21,France,Chelsea,Premier League,2022-2023
139,6,Ben Chilwell,"£190,000.00",D,LB,25,England,Chelsea,Premier League,2022-2023
140,7,César Azpilicueta,"£180,000.00",D,RB,33,Spain,Chelsea,Premier League,2022-2023
141,8,Marc Cucurella,"£175,000.00",D,LB,24,Spain,Chelsea,Premier League,2022-2023
142,9,Pierre-Emerick Aubameyang,"£160,000.00",F,CF,33,Gabon,Chelsea,Premier League,2022-2023
143,10,Kepa Arrizabalaga,"£150,000.00",K,GK,27,Spain,Chelsea,Premier League,2022-2023
144,11,Christian Pulisic,"£150,000.00",F,RW,23,United States,Chelsea,Premier League,2022-2023
145,12,Kai Havertz,"£150,000.00",F,AM,23,Germany,Chelsea,Premier League,2022-2023
146,13,Ruben Loftus-Cheek,"£120,000.00",M,CM,26,England,Chelsea,Premier League,2022-2023
147,14,Thiago Silva,"£110,000.00",D,CB,37,Brazil,Chelsea,Premier League,2022-2023
148,15,Jorginho,"£110,000.00",M,DM,30,Italy,Chelsea,Premier League,2022-2023
149,16,Mateo Kovacic,"£100,000.00",M,CM,28,Croatia,Chelsea,Premier League,2022-2023
150,17,Carney Chukwuemeka,"£100,000.00",M,CM,18,England,Chelsea,Premier League,2022-2023
151,18,Hakim Ziyech,"£100,000.00",F,AM,29,Morocco,Chelsea,Premier League,2022-2023
152,19,Denis Zakaria,"£90,000.00",M,DM,25,Switzerland,Chelsea,Premier League,2022-2023
153,20,Mason Mount,"£80,000.00",F,AM,23,England,Chelsea,Premier League,2022-2023
154,21,Edouard Mendy,"£55,000.00",K,GK,30,Senegal,Chelsea,Premier League,2022-2023
155,22,Conor Gallagher,"£50,000.00",M,CM,22,England,Chelsea,Premier League,2022-2023
156,23,Armando Broja,"£40,000.00",F,CF,20,Albania,Chelsea,Premier League,2022-2023
157,24,Trevoh Chalobah,"£35,000.00",D,CB,23,England,Chelsea,Premier League,2022-2023
158,25,Marcus Bettinelli,"£35,000.00",K,GK,30,England,Chelsea,Premier League,2022-2023
161,1,Wilfried Zaha,"£130,000.00",F,LW,29,Cote d'Ivoire,Crystal Palace,Premier League,2022-2023
162,2,Odsonne Edouard,"£94,808.00",F,CF,24,France,Crystal Palace,Premier League,2022-2023
163,3,Nathaniel Clyne,"£80,769.00",D,RB,31,England,Crystal Palace,Premier League,2022-2023
164,4,Joachim Andersen,"£79,423.00",D,CB,26,Denmark,Crystal Palace,Premier League,2022-2023
165,5,Vicente Guaita,"£76,923.00",K,GK,35,Spain,Crystal Palace,Premier League,2022-2023
166,6,Jeffrey Schlupp,"£55,962.00",M,LM,29,Ghana,Crystal Palace,Premier League,2022-2023
167,7,James McArthur,"£55,000.00",M,CM,34,Scotland,Crystal Palace,Premier League,2022-2023
168,8,Luka Milivojevic,"£55,000.00",M,DM,31,Serbia,Crystal Palace,Premier League,2022-2023
169,9,Jairo Riedewald,"£55,000.00",M,DM,25,Netherlands,Crystal Palace,Premier League,2022-2023
170,10,Will Hughes,"£53,846.00",M,CM,27,England,Crystal Palace,Premier League,2022-2023
171,11,Jean-Philippe Mateta,"£53,462.00",F,CF,25,France,Crystal Palace,Premier League,2022-2023
172,12,Marc Guéhi,"£50,192.00",D,CB,22,England,Crystal Palace,Premier League,2022-2023
173,13,James Tomkins,"£50,000.00",D,CB,33,England,Crystal Palace,Premier League,2022-2023
174,14,Michael Olise,"£47,500.00",M,RM,20,France,Crystal Palace,Premier League,2022-2023
175,15,Jack Butland,"£45,000.00",K,GK,29,England,Crystal Palace,Premier League,2022-2023
176,16,Joel Ward,"£35,000.00",D,RB,32,England,Crystal Palace,Premier League,2022-2023
177,17,Jordan Ayew,"£32,500.00",F,CF,30,Ghana,Crystal Palace,Premier League,2022-2023
178,18,Eberechi Eze,"£30,000.00",F,AM,24,England,Crystal Palace,Premier League,2022-2023
179,19,Nathan Ferguson,"£28,846.00",D,CB,21,England,Crystal Palace,Premier League,2022-2023
180,20,Tyrick Mitchell,"£28,846.00",D,LB,23,England,Crystal Palace,Premier League,2022-2023
187,1,Abdoulaye Doucouré,"£120,000.00",M,CM,29,Mali,Everton,Premier League,2022-2023
188,2,Alex Iwobi,"£120,000.00",F,LW,26,Nigeria,Everton,Premier League,2022-2023
189,3,Yerry Mina,"£120,000.00",D,CB,27,Colombia,Everton,Premier League,2022-2023
190,4,Amadou Onana,"£100,000.00",M,DM,21,Belgium,Everton,Premier League,2022-2023
191,5,Dominic Calvert-Lewin,"£100,000.00",F,CF,25,England,Everton,Premier League,2022-2023
192,6,James Tarkowski,"£100,000.00",D,CB,29,England,Everton,Premier League,2022-2023
193,7,Jordan Pickford,"£100,000.00",K,GK,28,England,Everton,Premier League,2022-2023
194,8,Idrissa Gueye,"£80,000.00",M,CM,32,Senegal,Everton,Premier League,2022-2023
195,9,Salomón Rondón,"£80,000.00",F,CF,32,Venezuela,Everton,Premier League,2022-2023
196,10,Michael Keane,"£80,000.00",D,CB,29,England,Everton,Premier League,2022-2023
197,11,Ben Godfrey,"£75,000.00",D,CB,24,England,Everton,Premier League,2022-2023
198,12,Mason Holgate,"£70,000.00",D,CB,25,England,Everton,Premier League,2022-2023
199,13,Vitaliy Mykolenko,"£58,000.00",D,LB,23,Ukraine,Everton,Premier League,2022-2023
200,14,Seamus Coleman,"£55,000.00",D,RB,33,Ireland,Everton,Premier League,2022-2023
201,15,Conor Coady,"£55,000.00",D,CB,29,England,Everton,Premier League,2022-2023
202,16,Neal Maupay,"£50,000.00",F,CF,26,France,Everton,Premier League,2022-2023
203,17,Asmir Begovic,"£45,000.00",K,GK,35,Bosnia-Herzegovina,Everton,Premier League,2022-2023
204,18,Andros Townsend,"£40,000.00",F,RW,31,England,Everton,Premier League,2022-2023
205,19,James Garner,"£30,000.00",M,DM,21,England,Everton,Premier League,2022-2023
206,20,Nathan Patterson,"£28,000.00",D,RB,20,Scotland,Everton,Premier League,2022-2023
207,21,Tom Davies,"£25,000.00",M,CM,24,England,Everton,Premier League,2022-2023
208,22,Rúben Vinagre,"£25,000.00",D,LB,23,Portugal,Everton,Premier League,2022-2023
209,23,Demarai Gray,"£25,000.00",F,LW,26,England,Everton,Premier League,2022-2023
210,24,Dwight McNeil,"£25,000.00",F,LW,22,England,Everton,Premier League,2022-2023
211,25,Andy Lonergan,"£10,000.00",K,GK,38,England,Everton,Premier League,2022-2023
212,26,Anthony Gordon,"£10,000.00",F,LW,21,England,Everton,Premier League,2022-2023
213,27,Eldin Jakupovic,"£5,000.00",K,GK,38,Switzerland,Everton,Premier League,2022-2023
216,1,Layvin Kurzawa,"£89,231.00",D,LB,29,France,Fulham,Premier League,2022-2023
217,2,Aleksandar Mitrovic,"£60,000.00",F,CF,27,Serbia,Fulham,Premier League,2022-2023
218,3,Nathaniel Chalobah,"£51,923.00",M,DM,27,England,Fulham,Premier League,2022-2023
219,4,Kenny Tete,"£50,962.00",D,RB,26,Netherlands,Fulham,Premier League,2022-2023
220,5,Daniel James,"£50,000.00",F,RW,24,Wales,Fulham,Premier League,2022-2023
221,6,Tosin Adarabioyo,"£40,577.00",D,CB,24,England,Fulham,Premier League,2022-2023
222,7,Andreas Pereira,"£40,000.00",F,AM,26,Brazil,Fulham,Premier League,2022-2023
223,8,Tom Cairney,"£40,000.00",M,CM,31,Scotland,Fulham,Premier League,2022-2023
224,9,Shane Duffy,"£40,000.00",D,CB,30,Ireland,Fulham,Premier League,2022-2023
225,10,Bobby Reid,"£37,500.00",F,AM,29,Jamaica,Fulham,Premier League,2022-2023
226,11,Harry Wilson,"£32,885.00",F,RW,25,Wales,Fulham,Premier League,2022-2023
227,12,Josh Onomah,"£30,000.00",M,CM,25,England,Fulham,Premier League,2022-2023
228,13,Antonee Robinson,"£27,500.00",D,LB,25,United States,Fulham,Premier League,2022-2023
229,14,Tim Ream,"£26,923.00",D,CB,34,United States,Fulham,Premier League,2022-2023
230,15,Neeskens Kebano,"£13,462.00",F,LW,30,Democratic Republic of the Congo,Fulham,Premier League,2022-2023
231,16,Harrison Reed,"£11,923.00",M,CM,27,England,Fulham,Premier League,2022-2023
232,17,Marek Rodak,"£4,423.00",K,GK,25,Slovakia,Fulham,Premier League,2022-2023
242,1,Rodrigo,"£57,692.00",F,SS,31,Spain,Leeds,Premier League,2022-2023
243,2,Robin Koch,"£46,154.00",D,CB,26,Germany,Leeds,Premier League,2022-2023
244,3,Junior Firpo,"£42,308.00",D,LB,26,Dominican Republic,Leeds,Premier League,2022-2023
245,4,Patrick Bamford,"£35,000.00",F,CF,28,England,Leeds,Premier League,2022-2023
246,5,Diego Llorente,"£21,923.00",D,CB,29,Spain,Leeds,Premier League,2022-2023
247,6,Illan Meslier,"£21,923.00",K,GK,22,France,Leeds,Premier League,2022-2023
248,7,Adam Forshaw,"£20,000.00",M,CM,30,England,Leeds,Premier League,2022-2023
249,8,Joe Gelhardt,"£16,538.00",F,CF,20,England,Leeds,Premier League,2022-2023
250,9,Jack Harrison,"£15,000.00",F,LW,25,England,Leeds,Premier League,2022-2023
251,10,Kristoffer Klaesson,"£10,962.00",K,GK,21,Norway,Leeds,Premier League,2022-2023
252,11,Luke Ayling,"£8,077.00",D,RB,31,England,Leeds,Premier League,2022-2023
253,12,Stuart Dallas,"£8,077.00",D,RB,31,Northern Ireland,Leeds,Premier League,2022-2023
254,13,Mateusz Klich,"£7,692.00",M,CM,32,Poland,Leeds,Premier League,2022-2023
255,14,Pascal Struijk,"£7,115.00",D,CB,23,Netherlands,Leeds,Premier League,2022-2023
256,15,Liam Cooper,"£6,538.00",D,CB,31,Scotland,Leeds,Premier League,2022-2023
257,16,Crysencio Summerville,"£5,769.00",F,RW,20,Netherlands,Leeds,Premier League,2022-2023
258,17,Sam Greenwood,"£1,346.00",F,CF,20,England,Leeds,Premier League,2022-2023
259,18,Cody Drameh,£577.00,D,RB,20,England,Leeds,Premier League,2022-2023
271,1,Jamie Vardy,"£140,000.00",F,CF,35,England,Leicester,Premier League,2022-2023
272,2,James Maddison,"£110,000.00",F,AM,25,England,Leicester,Premier League,2022-2023
273,3,Jonny Evans,"£100,000.00",D,CB,34,Northern Ireland,Leicester,Premier League,2022-2023
274,4,Ryan Bertrand,"£80,000.00",D,LB,33,England,Leicester,Premier League,2022-2023
275,5,Kelechi Iheanacho,"£80,000.00",F,CF,25,Nigeria,Leicester,Premier League,2022-2023
276,6,Ricardo Pereira,"£80,000.00",D,RB,28,Portugal,Leicester,Premier League,2022-2023
277,7,Boubakary Soumaré,"£80,000.00",M,DM,23,France,Leicester,Premier League,2022-2023
278,8,Dennis Praet,"£75,000.00",M,CM,28,Belgium,Leicester,Premier League,2022-2023
279,9,Patson Daka,"£75,000.00",F,CF,23,Zambia,Leicester,Premier League,2022-2023
280,10,Wilfred Ndidi,"£75,000.00",M,DM,25,Nigeria,Leicester,Premier League,2022-2023
281,11,Jannik Vestergaard,"£70,000.00",D,CB,30,Denmark,Leicester,Premier League,2022-2023
282,12,Timothy Castagne,"£65,000.00",D,RB,26,Belgium,Leicester,Premier League,2022-2023
283,13,Nampalys Mendy,"£55,000.00",M,DM,30,Senegal,Leicester,Premier League,2022-2023
284,14,Wout Faes,"£50,000.00",D,CB,24,Belgium,Leicester,Premier League,2022-2023
285,15,Caglar Söyüncü,"£45,000.00",D,CB,26,Turkey,Leicester,Premier League,2022-2023
286,16,Ayoze Pérez,"£45,000.00",F,SS,29,Spain,Leicester,Premier League,2022-2023
287,17,Marc Albrighton,"£45,000.00",M,RM,32,England,Leicester,Premier League,2022-2023
288,18,Harvey Barnes,"£40,000.00",M,LM,24,England,Leicester,Premier League,2022-2023
289,19,Danny Ward,"£40,000.00",K,GK,29,Wales,Leicester,Premier League,2022-2023
290,20,Youri Tielemans,"£35,000.00",M,CM,25,Belgium,Leicester,Premier League,2022-2023
291,21,James Justin,"£30,000.00",D,RB,24,England,Leicester,Premier League,2022-2023
292,22,Alex Smithies,"£30,000.00",K,GK,32,England,Leicester,Premier League,2022-2023
293,23,Kiernan Dewsbury-Hall,"£20,000.00",M,CM,23,England,Leicester,Premier League,2022-2023
294,24,Daniel Iversen,"£20,000.00",K,GK,25,Denmark,Leicester,Premier League,2022-2023
295,25,Daniel Amartey,"£20,000.00",D,CB,27,Ghana,Leicester,Premier League,2022-2023
296,26,Luke Thomas,"£10,000.00",D,LB,21,England,Leicester,Premier League,2022-2023
299,1,Mohamed Salah,"£350,000.00",F,RW,30,Egypt,Liverpool,Premier League,2022-2023
300,2,Virgil van Dijk,"£220,000.00",D,CB,31,Netherlands,Liverpool,Premier League,2022-2023
301,3,Thiago,"£200,000.00",M,CM,31,Spain,Liverpool,Premier League,2022-2023
302,4,Trent Alexander-Arnold,"£180,000.00",D,RB,23,England,Liverpool,Premier League,2022-2023
303,5,Fabinho,"£180,000.00",M,DM,28,Brazil,Liverpool,Premier League,2022-2023
304,6,Roberto Firmino,"£180,000.00",F,CF,30,Brazil,Liverpool,Premier League,2022-2023
305,7,Alisson,"£150,000.00",K,GK,29,Brazil,Liverpool,Premier League,2022-2023
306,8,Jordan Henderson,"£140,000.00",M,CM,32,England,Liverpool,Premier League,2022-2023
307,9,Darwin Núñez,"£140,000.00",F,CF,23,Uruguay,Liverpool,Premier League,2022-2023
308,10,Diogo Jota,"£140,000.00",F,LW,25,Portugal,Liverpool,Premier League,2022-2023
309,11,Naby Keïta,"£120,000.00",M,CM,27,Guinea,Liverpool,Premier League,2022-2023
310,12,Alex Oxlade-Chamberlain,"£120,000.00",M,CM,29,England,Liverpool,Premier League,2022-2023
311,13,Arthur,"£110,000.00",M,DM,26,Brazil,Liverpool,Premier League,2022-2023
312,14,Joel Matip,"£100,000.00",D,CB,31,Cameroon,Liverpool,Premier League,2022-2023
313,15,Andrew Robertson,"£100,000.00",D,LB,28,Scotland,Liverpool,Premier League,2022-2023
314,16,Joe Gomez,"£85,000.00",D,CB,25,England,Liverpool,Premier League,2022-2023
315,17,Ibrahima Konaté,"£70,000.00",D,CB,23,France,Liverpool,Premier League,2022-2023
316,18,Nathaniel Phillips,"£65,000.00",D,CB,25,England,Liverpool,Premier League,2022-2023
317,19,James Milner,"£60,000.00",M,CM,36,England,Liverpool,Premier League,2022-2023
318,20,Adrián,"£60,000.00",K,GK,35,Spain,Liverpool,Premier League,2022-2023
319,21,Luis Díaz,"£55,000.00",F,LW,25,Colombia,Liverpool,Premier League,2022-2023
320,22,Konstantinos Tsimikas,"£50,000.00",D,LB,26,Greece,Liverpool,Premier League,2022-2023
321,23,Fábio Carvalho,"£40,000.00",F,AM,20,Portugal,Liverpool,Premier League,2022-2023
322,24,Harvey Elliott,"£40,000.00",F,RW,19,England,Liverpool,Premier League,2022-2023
323,25,Calvin Ramsay,"£15,000.00",D,RB,19,Scotland,Liverpool,Premier League,2022-2023
324,26,Curtis Jones,"£10,000.00",M,CM,21,England,Liverpool,Premier League,2022-2023
325,27,Caoimhin Kelleher,"£10,000.00",K,GK,23,Ireland,Liverpool,Premier League,2022-2023
328,1,Kevin De Bruyne,"£400,000.00",F,AM,31,Belgium,Manchester City,Premier League,2022-2023
329,2,Erling Haaland,"£375,000.00",F,CF,22,Norway,Manchester City,Premier League,2022-2023
330,3,Jack Grealish,"£300,000.00",F,LW,26,England,Manchester City,Premier League,2022-2023
331,4,John Stones,"£250,000.00",D,CB,28,England,Manchester City,Premier League,2022-2023
332,5,João Cancelo,"£250,000.00",D,RB,28,Portugal,Manchester City,Premier League,2022-2023
333,6,Phil Foden,"£225,000.00",M,CM,22,England,Manchester City,Premier League,2022-2023
334,7,Rodri,"£220,000.00",M,DM,26,Spain,Manchester City,Premier League,2022-2023
335,8,Manuel Akanji,"£180,000.00",D,CB,27,Switzerland,Manchester City,Premier League,2022-2023
336,9,Rúben Dias,"£180,000.00",D,CB,25,Portugal,Manchester City,Premier League,2022-2023
337,10,Riyad Mahrez,"£160,000.00",F,RW,31,Algeria,Manchester City,Premier League,2022-2023
338,11,Kyle Walker,"£160,000.00",D,RB,32,England,Manchester City,Premier League,2022-2023
339,12,Kalvin Phillips,"£150,000.00",M,DM,26,England,Manchester City,Premier League,2022-2023
340,13,Bernardo Silva,"£150,000.00",F,AM,28,Portugal,Manchester City,Premier League,2022-2023
341,14,Ilkay Gündogan,"£140,000.00",M,CM,31,Germany,Manchester City,Premier League,2022-2023
342,15,Aymeric Laporte,"£120,000.00",D,CB,28,Spain,Manchester City,Premier League,2022-2023
343,16,Ederson,"£100,000.00",K,GK,29,Brazil,Manchester City,Premier League,2022-2023
344,17,Nathan Aké,"£90,000.00",D,CB,27,Netherlands,Manchester City,Premier League,2022-2023
345,18,Benjamin Mendy,"£90,000.00",D,LB,28,France,Manchester City,Premier League,2022-2023
346,19,Stefan Ortega Moreno,"£55,000.00",K,GK,29,Germany,Manchester City,Premier League,2022-2023
347,20,Sergio Gómez,"£50,000.00",D,LB,21,Spain,Manchester City,Premier League,2022-2023
348,21,Julián Álvarez,"£50,000.00",F,CF,22,Argentina,Manchester City,Premier League,2022-2023
349,22,Scott Carson,"£30,000.00",K,GK,36,England,Manchester City,Premier League,2022-2023
350,23,Cole Palmer,"£20,000.00",F,AM,20,England,Manchester City,Premier League,2022-2023
353,1,Cristiano Ronaldo,"£515,000.00",F,CF,37,Portugal,Manchester United,Premier League,2022-2023
354,2,David de Gea,"£375,000.00",K,GK,31,Spain,Manchester United,Premier League,2022-2023
355,3,Jadon Sancho,"£350,000.00",F,LW,22,England,Manchester United,Premier League,2022-2023
356,4,Raphaël Varane,"£340,000.00",D,CB,29,France,Manchester United,Premier League,2022-2023
357,5,Casemiro,"£300,000.00",M,DM,30,Brazil,Manchester United,Premier League,2022-2023
358,6,Anthony Martial,"£250,000.00",F,CF,26,France,Manchester United,Premier League,2022-2023
359,7,Bruno Fernandes,"£240,000.00",F,AM,27,Portugal,Manchester United,Premier League,2022-2023
360,8,Marcus Rashford,"£200,000.00",F,LW,24,England,Manchester United,Premier League,2022-2023
361,9,Antony,"£200,000.00",F,RW,22,Brazil,Manchester United,Premier League,2022-2023
362,10,Harry Maguire,"£190,000.00",D,CB,29,England,Manchester United,Premier League,2022-2023
363,11,Luke Shaw,"£150,000.00",D,LB,27,England,Manchester United,Premier League,2022-2023
364,12,Christian Eriksen,"£150,000.00",F,AM,30,Denmark,Manchester United,Premier League,2022-2023
365,13,Victor Lindelöf,"£120,000.00",D,CB,28,Sweden,Manchester United,Premier League,2022-2023
366,14,Donny van de Beek,"£120,000.00",M,CM,25,Netherlands,Manchester United,Premier League,2022-2023
367,15,Fred,"£120,000.00",M,CM,29,Brazil,Manchester United,Premier League,2022-2023
368,16,Lisandro Martínez,"£120,000.00",D,CB,24,Argentina,Manchester United,Premier League,2022-2023
369,17,Aaron Wan-Bissaka,"£90,000.00",D,RB,24,England,Manchester United,Premier League,2022-2023
370,18,Tyrell Malacia,"£75,000.00",D,LB,23,Netherlands,Manchester United,Premier League,2022-2023
371,19,Phil Jones,"£75,000.00",D,CB,30,England,Manchester United,Premier League,2022-2023
372,20,Brandon Williams,"£65,000.00",D,LB,21,England,Manchester United,Premier League,2022-2023
373,21,Scott McTominay,"£60,000.00",M,DM,25,Scotland,Manchester United,Premier League,2022-2023
374,22,Axel Tuanzebe,"£50,000.00",D,CB,24,England,Manchester United,Premier League,2022-2023
375,23,Tom Heaton,"£45,000.00",K,GK,36,England,Manchester United,Premier League,2022-2023
376,24,Martin Dubravka,"£40,000.00",K,GK,33,Slovakia,Manchester United,Premier League,2022-2023
377,25,Diogo Dalot,"£25,000.00",D,RB,23,Portugal,Manchester United,Premier League,2022-2023
378,26,Facundo Pellistri,"£20,000.00",F,RW,20,Uruguay,Manchester United,Premier League,2022-2023
379,27,Anthony Elanga,"£5,000.00",F,LW,20,Sweden,Manchester United,Premier League,2022-2023
380,28,Alejandro Garnacho,"£5,000.00",F,LW,18,Argentina,Manchester United,Premier League,2022-2023
381,29,Shola Shoretire,"£5,000.00",F,RW,18,England,Manchester United,Premier League,2022-2023
382,30,Teden Mengi,"£5,000.00",D,CB,20,England,Manchester United,Premier League,2022-2023
386,1,Alexander Isak,"£120,000.00",F,CF,22,Sweden,Newcastle,Premier League,2022-2023
387,2,Bruno Guimarães,"£120,000.00",M,DM,24,Brazil,Newcastle,Premier League,2022-2023
388,3,Kieran Trippier,"£100,000.00",D,RB,31,England,Newcastle,Premier League,2022-2023
389,4,Matt Targett,"£100,000.00",D,LB,26,England,Newcastle,Premier League,2022-2023
390,5,Sven Botman,"£90,000.00",D,CB,22,Netherlands,Newcastle,Premier League,2022-2023
391,6,Joelinton,"£85,000.00",F,AM,26,Brazil,Newcastle,Premier League,2022-2023
392,7,Chris Wood,"£80,000.00",F,CF,30,New Zealand,Newcastle,Premier League,2022-2023
393,8,Joe Willock,"£80,000.00",M,CM,23,England,Newcastle,Premier League,2022-2023
394,9,Jonjo Shelvey,"£70,000.00",M,CM,30,England,Newcastle,Premier League,2022-2023
395,10,Allan Saint-Maximin,"£70,000.00",F,LW,25,France,Newcastle,Premier League,2022-2023
396,11,Nick Pope,"£60,000.00",K,GK,30,England,Newcastle,Premier League,2022-2023
397,12,Emil Krafth,"£55,000.00",D,RB,28,Sweden,Newcastle,Premier League,2022-2023
398,13,Sean Longstaff,"£50,000.00",M,CM,24,England,Newcastle,Premier League,2022-2023
399,14,Callum Wilson,"£46,000.00",F,CF,30,England,Newcastle,Premier League,2022-2023
400,15,Matt Ritchie,"£45,000.00",M,RM,32,Scotland,Newcastle,Premier League,2022-2023
401,16,Miguel Almirón,"£42,000.00",F,AM,28,Paraguay,Newcastle,Premier League,2022-2023
402,17,Ryan Fraser,"£42,000.00",F,LW,28,Scotland,Newcastle,Premier League,2022-2023
403,18,Jamaal Lascelles,"£40,000.00",D,CB,28,England,Newcastle,Premier League,2022-2023
404,19,Fabian Schär,"£40,000.00",D,CB,30,Switzerland,Newcastle,Premier League,2022-2023
405,20,Jamal Lewis,"£38,000.00",D,LB,24,Northern Ireland,Newcastle,Premier League,2022-2023
406,21,Dan Burn,"£35,000.00",D,CB,30,England,Newcastle,Premier League,2022-2023
407,22,Jacob Murphy,"£35,000.00",F,RW,27,England,Newcastle,Premier League,2022-2023
408,23,Javier Manquillo,"£35,000.00",D,RB,28,Spain,Newcastle,Premier League,2022-2023
409,24,Paul Dummett,"£35,000.00",D,LB,30,Wales,Newcastle,Premier League,2022-2023
410,25,Karl Darlow,"£30,000.00",K,GK,31,England,Newcastle,Premier League,2022-2023
411,26,Loris Karius,"£20,000.00",K,GK,29,Germany,Newcastle,Premier League,2022-2023
412,27,Mark Gillespie,"£10,000.00",K,GK,30,England,Newcastle,Premier League,2022-2023
413,28,Elliot Anderson,"£3,000.00",F,AM,19,Scotland,Newcastle,Premier League,2022-2023
416,1,Jesse Lingard,"£200,000.00",F,AM,29,England,Nottingham Forest,Premier League,2022-2023
417,2,Dean Henderson,"£100,000.00",K,GK,25,England,Nottingham Forest,Premier League,2022-2023
418,3,Renan Lodi,"£62,308.00",D,LB,24,Brazil,Nottingham Forest,Premier League,2022-2023
419,4,Steve Cook,"£35,192.00",D,CB,31,England,Nottingham Forest,Premier League,2022-2023
420,5,Loïc Badé,"£26,154.00",D,CB,22,France,Nottingham Forest,Premier League,2022-2023
421,6,Harry Arter,"£22,308.00",M,CM,32,Ireland,Nottingham Forest,Premier League,2022-2023
422,7,Lyle Taylor,"£20,000.00",F,CF,32,Montserrat,Nottingham Forest,Premier League,2022-2023
423,8,Cafú,"£17,692.00",M,CM,29,Portugal,Nottingham Forest,Premier League,2022-2023
424,9,Scott McKenna,"£15,000.00",D,CB,25,Scotland,Nottingham Forest,Premier League,2022-2023
425,10,Sam Surridge,"£12,692.00",F,CF,24,England,Nottingham Forest,Premier League,2022-2023
426,11,Jack Colback,"£10,000.00",M,DM,32,England,Nottingham Forest,Premier League,2022-2023
427,12,Joe Worrall,"£10,000.00",D,CB,25,England,Nottingham Forest,Premier League,2022-2023
428,13,Ryan Yates,"£8,077.00",M,CM,24,England,Nottingham Forest,Premier League,2022-2023
429,14,Loïc Mbe Soh,"£5,577.00",D,CB,21,France,Nottingham Forest,Premier League,2022-2023
430,15,Jordan Smith,"£2,500.00",K,GK,27,England,Nottingham Forest,Premier League,2022-2023
431,16,Brennan Johnson,"£2,308.00",F,SS,21,Wales,Nottingham Forest,Premier League,2022-2023
448,1,Theo Walcott,"£75,000.00",F,RW,33,England,Southampton,Premier League,2022-2023
449,2,Mohamed Elyounoussi,"£60,000.00",F,LW,28,Norway,Southampton,Premier League,2022-2023
450,3,Moussa Djenepo,"£55,000.00",F,LW,24,Mali,Southampton,Premier League,2022-2023
451,4,Ibrahima Diallo,"£55,000.00",M,DM,23,France,Southampton,Premier League,2022-2023
452,5,Stuart Armstrong,"£50,000.00",M,CM,30,Scotland,Southampton,Premier League,2022-2023
453,6,Alex McCarthy,"£50,000.00",K,GK,32,England,Southampton,Premier League,2022-2023
454,7,Lyanco,"£48,077.00",D,CB,25,Brazil,Southampton,Premier League,2022-2023
455,8,Adam Armstrong,"£47,885.00",F,CF,25,England,Southampton,Premier League,2022-2023
456,9,James Ward-Prowse,"£45,000.00",M,CM,27,England,Southampton,Premier League,2022-2023
457,10,Romain Perraud,"£39,231.00",D,LB,24,France,Southampton,Premier League,2022-2023
458,11,Ché Adams,"£30,000.00",F,CF,26,Scotland,Southampton,Premier League,2022-2023
459,12,Mohammed Salisu,"£23,077.00",D,CB,23,Ghana,Southampton,Premier League,2022-2023
460,13,Kyle Walker-Peters,"£20,000.00",D,RB,25,England,Southampton,Premier League,2022-2023
461,14,Willy Caballero,"£17,115.00",K,GK,40,Argentina,Southampton,Premier League,2022-2023
462,15,Tino Livramento,"£5,000.00",D,RB,19,England,Southampton,Premier League,2022-2023
474,1,Harry Kane,"£200,000.00",F,CF,29,England,Tottenham,Premier League,2022-2023
475,2,Heung-min Son,"£190,000.00",F,LW,30,South Korea,Tottenham,Premier League,2022-2023
476,3,Ivan Perisic,"£180,000.00",M,LM,33,Croatia,Tottenham,Premier League,2022-2023
477,4,Cristian Romero,"£165,000.00",D,CB,24,Argentina,Tottenham,Premier League,2022-2023
478,5,Clément Lenglet,"£145,000.00",D,CB,27,France,Tottenham,Premier League,2022-2023
479,6,Dejan Kulusevski,"£110,000.00",F,RW,22,Sweden,Tottenham,Premier League,2022-2023
480,7,Pierre-Emile Höjbjerg,"£100,000.00",M,CM,27,Denmark,Tottenham,Premier League,2022-2023
481,8,Hugo Lloris,"£100,000.00",K,GK,35,France,Tottenham,Premier League,2022-2023
482,9,Richarlison,"£90,000.00",F,CF,25,Brazil,Tottenham,Premier League,2022-2023
483,10,Lucas Moura,"£90,000.00",F,RW,30,Brazil,Tottenham,Premier League,2022-2023
484,11,Eric Dier,"£85,000.00",D,CB,28,England,Tottenham,Premier League,2022-2023
485,12,Ben Davies,"£80,000.00",D,LB,29,Wales,Tottenham,Premier League,2022-2023
486,13,Fraser Forster,"£75,000.00",K,GK,34,England,Tottenham,Premier League,2022-2023
487,14,Rodrigo Bentancur,"£75,000.00",M,CM,25,Uruguay,Tottenham,Premier League,2022-2023
488,15,Davinson Sánchez,"£65,000.00",D,CB,26,Colombia,Tottenham,Premier League,2022-2023
489,16,Matt Doherty,"£65,000.00",D,RB,30,Ireland,Tottenham,Premier League,2022-2023
490,17,Yves Bissouma,"£55,000.00",M,CM,26,Mali,Tottenham,Premier League,2022-2023
491,18,Ryan Sessegnon,"£55,000.00",M,LM,22,England,Tottenham,Premier League,2022-2023
492,19,Oliver Skipp,"£40,000.00",M,DM,21,England,Tottenham,Premier League,2022-2023
493,20,Bryan Gil,"£40,000.00",F,LW,21,Spain,Tottenham,Premier League,2022-2023
494,21,Emerson,"£40,000.00",D,RB,23,Brazil,Tottenham,Premier League,2022-2023
495,22,Djed Spence,"£25,000.00",D,RB,22,England,Tottenham,Premier League,2022-2023
496,23,Japhet Tanganga,"£25,000.00",D,CB,23,England,Tottenham,Premier League,2022-2023
497,24,Brandon Austin,"£5,000.00",K,GK,23,England,Tottenham,Premier League,2022-2023
501,1,Lucas Paquetá,"£150,000.00",F,AM,25,Brazil,West Ham,Premier League,2022-2023
502,2,Kurt Zouma,"£125,000.00",D,CB,27,France,West Ham,Premier League,2022-2023
503,3,Alphonse Areola,"£120,000.00",K,GK,29,France,West Ham,Premier League,2022-2023
504,4,Emerson,"£95,000.00",D,LB,28,Italy,West Ham,Premier League,2022-2023
505,5,Gianluca Scamacca,"£90,000.00",F,CF,23,Italy,West Ham,Premier League,2022-2023
506,6,Michail Antonio,"£85,000.00",F,CF,32,Jamaica,West Ham,Premier League,2022-2023
507,7,Thilo Kehrer,"£80,000.00",D,CB,25,Germany,West Ham,Premier League,2022-2023
508,8,Manuel Lanzini,"£70,000.00",F,AM,29,Argentina,West Ham,Premier League,2022-2023
509,9,Angelo Ogbonna,"£70,000.00",D,CB,34,Italy,West Ham,Premier League,2022-2023
510,10,Maxwel Cornet,"£65,000.00",F,LW,25,Cote d'Ivoire,West Ham,Premier League,2022-2023
511,11,Pablo Fornals,"£65,000.00",F,AM,26,Spain,West Ham,Premier League,2022-2023
512,12,Tomas Soucek,"£65,000.00",M,DM,27,Czech Republic,West Ham,Premier League,2022-2023
513,13,Lukasz Fabianski,"£65,000.00",K,GK,37,Poland,West Ham,Premier League,2022-2023
514,14,Jarrod Bowen,"£60,000.00",F,RW,25,England,West Ham,Premier League,2022-2023
515,15,Declan Rice,"£60,000.00",M,DM,23,England,West Ham,Premier League,2022-2023
516,16,Saïd Benrahma,"£55,000.00",F,LW,27,Algeria,West Ham,Premier League,2022-2023
517,17,Aaron Cresswell,"£50,000.00",D,LB,32,England,West Ham,Premier League,2022-2023
518,18,Nayef Aguerd,"£50,000.00",D,CB,26,Morocco,West Ham,Premier League,2022-2023
519,19,Craig Dawson,"£45,000.00",D,CB,32,England,West Ham,Premier League,2022-2023
520,20,Vladimir Coufal,"£35,000.00",D,RB,30,Czech Republic,West Ham,Premier League,2022-2023
521,21,Darren Randolph,"£35,000.00",K,GK,35,Ireland,West Ham,Premier League,2022-2023
522,22,Flynn Downes,"£25,000.00",M,CM,23,England,West Ham,Premier League,2022-2023
523,23,Ben Johnson,"£20,000.00",D,RB,22,England,West Ham,Premier League,2022-2023
524,24,Conor Coventry,"£5,000.00",M,DM,22,Ireland,West Ham,Premier League,2022-2023
527,1,João Moutinho,"£100,000.00",M,CM,35,Portugal,Wolverhampton,Premier League,2022-2023
528,2,Matheus Nunes,"£85,000.00",M,CM,24,Portugal,Wolverhampton,Premier League,2022-2023
529,3,Nélson Semedo,"£76,923.00",D,RB,28,Portugal,Wolverhampton,Premier League,2022-2023
530,4,Daniel Podence,"£60,000.00",F,RW,26,Portugal,Wolverhampton,Premier League,2022-2023
531,5,Pedro Neto,"£50,000.00",F,LW,22,Portugal,Wolverhampton,Premier League,2022-2023
532,6,Diego Costa,"£50,000.00",F,CF,33,Spain,Wolverhampton,Premier League,2022-2023
533,7,Rúben Neves,"£50,000.00",M,DM,25,Portugal,Wolverhampton,Premier League,2022-2023
534,8,Adama Traoré,"£43,077.00",F,RW,26,Spain,Wolverhampton,Premier League,2022-2023
535,9,Raúl Jiménez,"£41,154.00",F,CF,31,Mexico,Wolverhampton,Premier League,2022-2023
536,10,Jonny Otto,"£36,731.00",D,LB,28,Spain,Wolverhampton,Premier League,2022-2023
537,11,Léo Bonatini,"£35,000.00",F,CF,28,Brazil,Wolverhampton,Premier League,2022-2023
538,12,José Sá,"£28,654.00",K,GK,29,Portugal,Wolverhampton,Premier League,2022-2023
539,13,Hee-chan Hwang,"£19,231.00",F,CF,26,South Korea,Wolverhampton,Premier League,2022-2023
540,14,Chiquinho,"£18,269.00",F,LW,22,Portugal,Wolverhampton,Premier League,2022-2023
541,15,Max Kilman,"£15,000.00",D,CB,25,England,Wolverhampton,Premier League,2022-2023
542,16,Matija Sarkic,"£12,500.00",K,GK,25,Montenegro,Wolverhampton,Premier League,2022-2023
543,17,Yerson Mosquera,"£7,308.00",D,CB,21,Colombia,Wolverhampton,Premier League,2022-2023
544,18,Rayan Aït-Nouri,"£4,423.00",D,LB,21,France,Wolverhampton,Premier League,2022-2023
545,19,Toti Gomes,"£2,692.00",D,CB,23,Portugal,Wolverhampton,Premier League,2022-2023
546,20,Chem Campbell,"£2,500.00",F,AM,19,Wales,Wolverhampton,Premier League,2022-2023
547,21,Connor Ronan,£769.00,M,CM,24,Ireland,Wolverhampton,Premier League,2022-2023