,player_id,club_id,club,main_position,market_value,market_value_GBP,Unnamed: 0,0,weekly_wage,Pos. DFKM,Pos. AMCBCFCMDMGKLBLWRBRMRW,Age,Country,Team,Premier League,2022-2023
Aaron Cresswell,92571,379,West Ham United,Left-Back,"€2,500,000.00","2,200,000",517,17,"50,000",D,LB,32,England,West Ham,Premier League,2022-2023
Aaron Ramsdale,427568,11,Arsenal FC,Goalkeeper,"€30,000,000.00","26,400,000",11,12,"60,000",K,GK,24,England,Arsenal,Premier League,2022-2023
Aaron Wan-Bissaka,477758,985,Manchester United,Right-Back,"€18,000,000.00","15,840,000",369,17,"90,000",D,RB,24,England,Manchester United,Premier League,2022-2023
Abdoulaye Doucouré,127187,29,Everton FC,Central Midfield,"€12,000,000.00","10,560,000",187,1,"120,000",M,CM,29,Mali,Everton,Premier League,2022-2023
Adam Armstrong,250426,180,Southampton FC,Centre-Forward,"€15,000,000.00","13,200,000",455,8,"47,885",F,CF,25,England,Southampton,Premier League,2022-2023
Adam Forshaw,121257,399,Leeds United,Central Midfield,"€1,800,000.00","1,584,000",248,7,"20,000",M,CM,30,England,Leeds,Premier League,2022-2023
Adam Lallana,43530,1237,Brighton & Hove Albion,Attacking Midfield,"€1,500,000.00","1,320,000",109,1,"90,385",F,AM,34,England,Brighton,Premier League,2022-2023
Adam Smith,61841,989,Bournemouth,Right-Back,"€1,500,000.00","1,320,000",64,11,"35,000",D,RB,31,England,Bournemouth,Premier League,2022-2023
Adam Webster,212847,1237,Brighton & Hove Albion,Centre-Back,"€22,000,000.00","19,360,000",115,7,"38,077",D,CB,27,England,Brighton,Premier League,2022-2023
Adama Traoré,204103,543,Wolverhampton Wanderers,Right Winger,"€15,000,000.00","13,200,000",534,8,"43,077",F,RW,26,Spain,Wolverhampton,Premier League,2022-2023
Adrián,71271,31,Liverpool FC,Goalkeeper,"€1,000,000.00","880,000",318,20,"60,000",K,GK,35,Spain,Liverpool,Premier League,2022-2023
Albert Sambi Lokonga,381967,11,Arsenal FC,Central Midfield,"€15,000,000.00","13,200,000",15,16,"50,000",M,CM,22,Belgium,Arsenal,Premier League,2022-2023
Alejandro Garnacho,811779,985,Manchester United,Left Winger,"€5,000,000.00","4,400,000",380,28,"5,000",F,LW,18,Argentina,Manchester United,Premier League,2022-2023
Alex Iwobi,242631,29,Everton FC,Attacking Midfield,"€25,000,000.00","22,000,000",188,2,"120,000",F,LW,26,Nigeria,Everton,Premier League,2022-2023
Alex McCarthy,95976,180,Southampton FC,Goalkeeper,"€2,000,000.00","1,760,000",453,6,"50,000",K,GK,32,England,Southampton,Premier League,2022-2023
Alex Oxlade-Chamberlain,143424,31,Liverpool FC,Central Midfield,"€10,000,000.00","8,800,000",310,12,"120,000",M,CM,29,England,Liverpool,Premier League,2022-2023
Alex Smithies,33754,1003,Leicester City,Goalkeeper,"€600,000.00","528,000",292,22,"30,000",K,GK,32,England,Leicester,Premier League,2022-2023
Alexander Isak,349066,762,Newcastle United,Centre-Forward,"€50,000,000.00","44,000,000",386,1,"120,000",F,CF,22,Sweden,Newcastle,Premier League,2022-2023
Alexis Mac Allister,534033,1237,Brighton & Hove Albion,Central Midfield,"€32,000,000.00","28,160,000",117,9,"30,769",F,AM,23,Argentina,Brighton,Premier League,2022-2023
Alisson,105470,31,Liverpool FC,Goalkeeper,"€50,000,000.00","44,000,000",305,7,"150,000",K,GK,29,Brazil,Liverpool,Premier League,2022-2023
Allan Saint-Maximin,272642,762,Newcastle United,Left Winger,"€40,000,000.00","35,200,000",395,10,"70,000",F,LW,25,France,Newcastle,Premier League,2022-2023
Alphonse Areola,120629,379,West Ham United,Goalkeeper,"€8,000,000.00","7,040,000",503,3,"120,000",K,GK,29,France,West Ham,Premier League,2022-2023
Amadou Onana,485706,29,Everton FC,Defensive Midfield,"€35,000,000.00","30,800,000",190,4,"100,000",M,DM,21,Belgium,Everton,Premier League,2022-2023
Andreas Pereira,203394,931,Fulham FC,Attacking Midfield,"€13,000,000.00","11,440,000",222,7,"40,000",F,AM,26,Brazil,Fulham,Premier League,2022-2023
Andrew Robertson,234803,31,Liverpool FC,Left-Back,"€55,000,000.00","48,400,000",313,15,"100,000",D,LB,28,Scotland,Liverpool,Premier League,2022-2023
Andros Townsend,61842,29,Everton FC,Right Winger,"€2,500,000.00","2,200,000",204,18,"40,000",F,RW,31,England,Everton,Premier League,2022-2023
Andy Lonergan,14044,29,Everton FC,Goalkeeper,"€200,000.00","176,000",211,25,"10,000",K,GK,38,England,Everton,Premier League,2022-2023
Angelo Ogbonna,48002,379,West Ham United,Centre-Back,"€1,000,000.00","880,000",509,9,"70,000",D,CB,34,Italy,West Ham,Premier League,2022-2023
Anthony Elanga,583189,985,Manchester United,Left Winger,"€25,000,000.00","22,000,000",379,27,"5,000",F,LW,20,Sweden,Manchester United,Premier League,2022-2023
Anthony Gordon,503733,29,Everton FC,Left Winger,"€40,000,000.00","35,200,000",212,26,"10,000",F,LW,21,England,Everton,Premier League,2022-2023
Anthony Martial,182877,985,Manchester United,Centre-Forward,"€15,000,000.00","13,200,000",358,6,"250,000",F,CF,26,France,Manchester United,Premier League,2022-2023
Antonee Robinson,349701,931,Fulham FC,Left-Back,"€10,000,000.00","8,800,000",228,13,"27,500",D,LB,25,United States,Fulham,Premier League,2022-2023
Antony,602105,985,Manchester United,Right Winger,"€75,000,000.00","66,000,000",361,9,"200,000",F,RW,22,Brazil,Manchester United,Premier League,2022-2023
Armando Broja,571743,631,Chelsea FC,Centre-Forward,"€30,000,000.00","26,400,000",156,23,"40,000",F,CF,20,Albania,Chelsea,Premier League,2022-2023
Ashley Young,14086,405,Aston Villa,Left-Back,"€1,000,000.00","880,000",41,17,"50,000",D,LB,37,England,Aston Villa,Premier League,2022-2023
Asmir Begovic,33873,29,Everton FC,Goalkeeper,"€1,000,000.00","880,000",203,17,"45,000",K,GK,35,Bosnia-Herzegovina,Everton,Premier League,2022-2023
Axel Tuanzebe,342046,985,Manchester United,Centre-Back,"€6,000,000.00","5,280,000",374,22,"50,000",D,CB,24,England,Manchester United,Premier League,2022-2023
Aymeric Laporte,176553,281,Manchester City,Centre-Back,"€38,000,000.00","33,440,000",342,15,"120,000",D,CB,28,Spain,Manchester City,Premier League,2022-2023
Ayoze Pérez,246968,1003,Leicester City,Second Striker,"€6,000,000.00","5,280,000",286,16,"45,000",F,SS,29,Spain,Leicester,Premier League,2022-2023
Ben Chilwell,316125,631,Chelsea FC,Left-Back,"€38,000,000.00","33,440,000",139,6,"190,000",D,LB,25,England,Chelsea,Premier League,2022-2023
Ben Davies,192765,148,Tottenham Hotspur,Left-Back,"€20,000,000.00","17,600,000",485,12,"80,000",D,LB,29,Wales,Tottenham,Premier League,2022-2023
Ben Godfrey,343475,29,Everton FC,Centre-Back,"€18,000,000.00","15,840,000",197,11,"75,000",D,CB,24,England,Everton,Premier League,2022-2023
Ben Johnson,468002,379,West Ham United,Right-Back,"€12,000,000.00","10,560,000",523,23,"20,000",D,RB,22,England,West Ham,Premier League,2022-2023
Ben Pearson,183302,989,Bournemouth,Central Midfield,"€2,500,000.00","2,200,000",76,23,"8,000",M,CM,27,England,Bournemouth,Premier League,2022-2023
Ben White,335721,11,Arsenal FC,Centre-Back,"€45,000,000.00","39,600,000",3,4,"120,000",D,CB,24,England,Arsenal,Premier League,2022-2023
Benjamin Mendy,157495,281,Manchester City,Left-Back,€0.00,0,345,18,"90,000",D,LB,28,France,Manchester City,Premier League,2022-2023
Bernardo Silva,241641,281,Manchester City,Attacking Midfield,"€80,000,000.00","70,400,000",340,13,"150,000",F,AM,28,Portugal,Manchester City,Premier League,2022-2023
Bobby Reid,186186,931,Fulham FC,Attacking Midfield,"€7,000,000.00","6,160,000",225,10,"37,500",F,AM,29,Jamaica,Fulham,Premier League,2022-2023
Boubacar Kamara,394327,405,Aston Villa,Defensive Midfield,"€25,000,000.00","22,000,000",26,2,"150,000",M,DM,22,France,Aston Villa,Premier League,2022-2023
Boubakary Soumaré,344605,1003,Leicester City,Defensive Midfield,"€25,000,000.00","22,000,000",277,7,"80,000",M,DM,23,France,Leicester,Premier League,2022-2023
Brandon Austin,428016,148,Tottenham Hotspur,Goalkeeper,"€300,000.00","264,000",497,24,"5,000",K,GK,23,England,Tottenham,Premier League,2022-2023
Brandon Williams,507700,985,Manchester United,Left-Back,"€10,000,000.00","8,800,000",372,20,"65,000",D,LB,21,England,Manchester United,Premier League,2022-2023
Brennan Johnson,470607,703,Nottingham Forest,Second Striker,"€20,000,000.00","17,600,000",431,16,"2,308",F,SS,21,Wales,Nottingham Forest,Premier League,2022-2023
Bruno Fernandes,240306,985,Manchester United,Attacking Midfield,"€75,000,000.00","66,000,000",359,7,"240,000",F,AM,27,Portugal,Manchester United,Premier League,2022-2023
Bruno Guimarães,520624,762,Newcastle United,Defensive Midfield,"€60,000,000.00","52,800,000",387,2,"120,000",M,DM,24,Brazil,Newcastle,Premier League,2022-2023
Bryan Gil,537382,148,Tottenham Hotspur,Left Winger,"€12,000,000.00","10,560,000",493,20,"40,000",F,LW,21,Spain,Tottenham,Premier League,2022-2023
Bryan Mbeumo,413039,1148,Brentford FC,Right Winger,"€28,000,000.00","24,640,000",89,7,"20,000",F,RW,23,Cameroon,Brentford,Premier League,2022-2023
Bukayo Saka,433177,11,Arsenal FC,Right Midfield,"€90,000,000.00","79,200,000",10,11,"70,000",M,RM,20,England,Arsenal,Premier League,2022-2023
Cafú,203655,703,Nottingham Forest,Central Midfield,"€600,000.00","528,000",423,8,"17,692",M,CM,29,Portugal,Nottingham Forest,Premier League,2022-2023
Caglar Söyüncü,320141,1003,Leicester City,Centre-Back,"€22,000,000.00","19,360,000",285,15,"45,000",D,CB,26,Turkey,Leicester,Premier League,2022-2023
Callum Wilson,123682,762,Newcastle United,Centre-Forward,"€18,000,000.00","15,840,000",399,14,"46,000",F,CF,30,England,Newcastle,Premier League,2022-2023
Calum Chambers,215118,405,Aston Villa,Centre-Back,"€10,000,000.00","8,800,000",42,18,"50,000",D,CB,27,England,Aston Villa,Premier League,2022-2023
Calvin Ramsay,633652,31,Liverpool FC,Right-Back,"€5,000,000.00","4,400,000",323,25,"15,000",D,RB,19,Scotland,Liverpool,Premier League,2022-2023
Cameron Archer,533662,405,Aston Villa,Centre-Forward,"€8,000,000.00","7,040,000",51,27,"20,000",F,CF,20,England,Aston Villa,Premier League,2022-2023
Carney Chukwuemeka,659459,631,Chelsea FC,Central Midfield,"€15,000,000.00","13,200,000",150,17,"100,000",M,CM,18,England,Chelsea,Premier League,2022-2023
Casemiro,16306,985,Manchester United,Defensive Midfield,"€50,000,000.00","44,000,000",357,5,"300,000",M,DM,30,Brazil,Manchester United,Premier League,2022-2023
Charlie Goode,376856,1148,Brentford FC,Centre-Back,"€800,000.00","704,000",99,17,"7,500",D,CB,27,England,Brentford,Premier League,2022-2023
Chiquinho,695454,543,Wolverhampton Wanderers,Left Winger,"€2,500,000.00","2,200,000",540,14,"18,269",F,LW,22,Portugal,Wolverhampton,Premier League,2022-2023
Chris Mepham,480987,989,Bournemouth,Centre-Back,"€6,000,000.00","5,280,000",63,10,"35,000",D,CB,24,Wales,Bournemouth,Premier League,2022-2023
Chris Wood,108725,762,Newcastle United,Centre-Forward,"€10,000,000.00","8,800,000",392,7,"80,000",F,CF,30,New Zealand,Newcastle,Premier League,2022-2023
Christian Eriksen,69633,985,Manchester United,Attacking Midfield,"€25,000,000.00","22,000,000",364,12,"150,000",F,AM,30,Denmark,Manchester United,Premier League,2022-2023
Christian Nörgaard,148367,1148,Brentford FC,Defensive Midfield,"€14,000,000.00","12,320,000",88,6,"20,000",M,DM,28,Denmark,Brentford,Premier League,2022-2023
Christian Pulisic,315779,631,Chelsea FC,Right Winger,"€38,000,000.00","33,440,000",144,11,"150,000",F,RW,23,United States,Chelsea,Premier League,2022-2023
Ché Adams,346779,180,Southampton FC,Centre-Forward,"€22,000,000.00","19,360,000",458,11,"30,000",F,CF,26,Scotland,Southampton,Premier League,2022-2023
Clément Lenglet,182904,148,Tottenham Hotspur,Centre-Back,"€12,000,000.00","10,560,000",478,5,"145,000",D,CB,27,France,Tottenham,Premier League,2022-2023
Cody Drameh,531957,399,Leeds United,Right-Back,"€3,000,000.00","2,640,000",259,18,577,D,RB,20,England,Leeds,Premier League,2022-2023
Cole Palmer,568177,281,Manchester City,Attacking Midfield,"€15,000,000.00","13,200,000",350,23,"20,000",F,AM,20,England,Manchester City,Premier League,2022-2023
Connor Ronan,337787,543,Wolverhampton Wanderers,Central Midfield,"€800,000.00","704,000",547,21,769,M,CM,24,Ireland,Wolverhampton,Premier League,2022-2023
Conor Coady,128901,29,Everton FC,Centre-Back,"€18,000,000.00","15,840,000",201,15,"55,000",D,CB,29,England,Everton,Premier League,2022-2023
Conor Coventry,419025,379,West Ham United,Defensive Midfield,"€1,000,000.00","880,000",524,24,"5,000",M,DM,22,Ireland,West Ham,Premier League,2022-2023
Conor Gallagher,488362,631,Chelsea FC,Central Midfield,"€32,000,000.00","28,160,000",155,22,"50,000",M,CM,22,England,Chelsea,Premier League,2022-2023
Craig Dawson,121477,379,West Ham United,Centre-Back,"€2,500,000.00","2,200,000",519,19,"45,000",D,CB,32,England,West Ham,Premier League,2022-2023
Cristian Romero,355915,148,Tottenham Hotspur,Centre-Back,"€55,000,000.00","48,400,000",477,4,"165,000",D,CB,24,Argentina,Tottenham,Premier League,2022-2023
Cristiano Ronaldo,8198,985,Manchester United,Centre-Forward,"€20,000,000.00","17,600,000",353,1,"515,000",F,CF,37,Portugal,Manchester United,Premier League,2022-2023
Crysencio Summerville,474701,399,Leeds United,Right Winger,"€4,000,000.00","3,520,000",257,16,"5,769",F,RW,20,Netherlands,Leeds,Premier League,2022-2023
Curtis Jones,433188,31,Liverpool FC,Central Midfield,"€22,000,000.00","19,360,000",324,26,"10,000",M,CM,21,England,Liverpool,Premier League,2022-2023
Cédric Soares,112988,11,Arsenal FC,Right-Back,"€4,000,000.00","3,520,000",9,10,"75,000",D,RB,31,Portugal,Arsenal,Premier League,2022-2023
César Azpilicueta,57500,631,Chelsea FC,Right-Back,"€8,000,000.00","7,040,000",140,7,"180,000",D,RB,33,Spain,Chelsea,Premier League,2022-2023
Dan Burn,134270,762,Newcastle United,Centre-Back,"€12,000,000.00","10,560,000",406,21,"35,000",D,CB,30,England,Newcastle,Premier League,2022-2023
Daniel Amartey,214056,1003,Leicester City,Centre-Back,"€15,000,000.00","13,200,000",295,25,"20,000",D,CB,27,Ghana,Leicester,Premier League,2022-2023
Daniel Iversen,260841,1003,Leicester City,Goalkeeper,"€2,000,000.00","1,760,000",294,24,"20,000",K,GK,25,Denmark,Leicester,Premier League,2022-2023
Daniel James,319301,931,Fulham FC,Right Winger,"€16,000,000.00","14,080,000",220,5,"50,000",F,RW,24,Wales,Fulham,Premier League,2022-2023
Daniel Podence,256977,543,Wolverhampton Wanderers,Right Winger,"€20,000,000.00","17,600,000",530,4,"60,000",F,RW,26,Portugal,Wolverhampton,Premier League,2022-2023
Danny Ings,134294,405,Aston Villa,Centre-Forward,"€16,000,000.00","14,080,000",29,5,"120,000",F,CF,30,England,Aston Villa,Premier League,2022-2023
Danny Ward,203026,1003,Leicester City,Goalkeeper,"€8,000,000.00","7,040,000",289,19,"40,000",K,GK,29,Wales,Leicester,Premier League,2022-2023
Danny Welbeck,67063,1237,Brighton & Hove Albion,Centre-Forward,"€8,000,000.00","7,040,000",110,2,"55,000",F,CF,31,England,Brighton,Premier League,2022-2023
Darren Randolph,51321,379,West Ham United,Goalkeeper,"€500,000.00","440,000",521,21,"35,000",K,GK,35,Ireland,West Ham,Premier League,2022-2023
Darwin Núñez,546543,31,Liverpool FC,Centre-Forward,"€70,000,000.00","61,600,000",307,9,"140,000",F,CF,23,Uruguay,Liverpool,Premier League,2022-2023
David Brooks,277033,989,Bournemouth,Right Winger,"€14,000,000.00","12,320,000",56,3,"50,000",F,RW,25,Wales,Bournemouth,Premier League,2022-2023
David Raya,262749,1148,Brentford FC,Goalkeeper,"€22,000,000.00","19,360,000",84,2,"25,000",K,GK,26,Spain,Brentford,Premier League,2022-2023
David de Gea,59377,985,Manchester United,Goalkeeper,"€15,000,000.00","13,200,000",354,2,"375,000",K,GK,31,Spain,Manchester United,Premier League,2022-2023
Davinson Sánchez,341429,148,Tottenham Hotspur,Centre-Back,"€25,000,000.00","22,000,000",488,15,"65,000",D,CB,26,Colombia,Tottenham,Premier League,2022-2023
Dean Henderson,258919,703,Nottingham Forest,Goalkeeper,"€22,000,000.00","19,360,000",417,2,"100,000",K,GK,25,England,Nottingham Forest,Premier League,2022-2023
Declan Rice,357662,379,West Ham United,Defensive Midfield,"€80,000,000.00","70,400,000",515,15,"60,000",M,DM,23,England,West Ham,Premier League,2022-2023
Dejan Kulusevski,431755,148,Tottenham Hotspur,Right Winger,"€50,000,000.00","44,000,000",479,6,"110,000",F,RW,22,Sweden,Tottenham,Premier League,2022-2023
Demarai Gray,292417,29,Everton FC,Left Winger,"€20,000,000.00","17,600,000",209,23,"25,000",F,LW,26,England,Everton,Premier League,2022-2023
Denis Zakaria,334526,631,Chelsea FC,Defensive Midfield,"€20,000,000.00","17,600,000",152,19,"90,000",M,DM,25,Switzerland,Chelsea,Premier League,2022-2023
Dennis Praet,129588,1003,Leicester City,Central Midfield,"€10,000,000.00","8,800,000",278,8,"75,000",M,CM,28,Belgium,Leicester,Premier League,2022-2023
Diego Carlos,329145,405,Aston Villa,Centre-Back,"€30,000,000.00","26,400,000",30,6,"100,000",D,CB,29,Brazil,Aston Villa,Premier League,2022-2023
Diego Costa,44779,543,Wolverhampton Wanderers,Centre-Forward,"€3,500,000.00","3,080,000",532,6,"50,000",F,CF,33,Spain,Wolverhampton,Premier League,2022-2023
Diego Llorente,246291,399,Leeds United,Centre-Back,"€12,000,000.00","10,560,000",246,5,"21,923",D,CB,29,Spain,Leeds,Premier League,2022-2023
Diogo Dalot,357147,985,Manchester United,Right-Back,"€32,000,000.00","28,160,000",377,25,"25,000",D,RB,23,Portugal,Manchester United,Premier League,2022-2023
Diogo Jota,340950,31,Liverpool FC,Left Winger,"€55,000,000.00","48,400,000",308,10,"140,000",F,LW,25,Portugal,Liverpool,Premier League,2022-2023
Djed Spence,483348,148,Tottenham Hotspur,Right-Back,"€13,000,000.00","11,440,000",495,22,"25,000",D,RB,22,England,Tottenham,Premier League,2022-2023
Dominic Calvert-Lewin,306024,29,Everton FC,Centre-Forward,"€30,000,000.00","26,400,000",191,5,"100,000",F,CF,25,England,Everton,Premier League,2022-2023
Dominic Solanke,258889,989,Bournemouth,Centre-Forward,"€18,000,000.00","15,840,000",57,4,"50,000",F,CF,24,England,Bournemouth,Premier League,2022-2023
Donny van de Beek,288255,985,Manchester United,Central Midfield,"€20,000,000.00","17,600,000",366,14,"120,000",M,CM,25,Netherlands,Manchester United,Premier League,2022-2023
Douglas Luiz,447661,405,Aston Villa,Defensive Midfield,"€35,000,000.00","30,800,000",37,13,"75,000",M,DM,24,Brazil,Aston Villa,Premier League,2022-2023
Dwight McNeil,584769,29,Everton FC,Left Winger,"€18,000,000.00","15,840,000",210,24,"25,000",F,LW,22,England,Everton,Premier League,2022-2023
Eberechi Eze,479999,873,Crystal Palace,Attacking Midfield,"€30,000,000.00","26,400,000",178,18,"30,000",F,AM,24,England,Crystal Palace,Premier League,2022-2023
Eddie Nketiah,340324,11,Arsenal FC,Centre-Forward,"€18,000,000.00","15,840,000",7,8,"100,000",F,CF,23,England,Arsenal,Premier League,2022-2023
Ederson,238223,281,Manchester City,Goalkeeper,"€45,000,000.00","39,600,000",343,16,"100,000",K,GK,29,Brazil,Manchester City,Premier League,2022-2023
Edouard Mendy,442531,631,Chelsea FC,Goalkeeper,"€25,000,000.00","22,000,000",154,21,"55,000",K,GK,30,Senegal,Chelsea,Premier League,2022-2023
Eldin Jakupovic,2857,29,Everton FC,Goalkeeper,"€200,000.00","176,000",213,27,"5,000",K,GK,38,Switzerland,Everton,Premier League,2022-2023
Elliot Anderson,567576,762,Newcastle United,Attacking Midfield,"€3,500,000.00","3,080,000",413,28,"3,000",F,AM,19,Scotland,Newcastle,Premier League,2022-2023
Emerson,181778,379,West Ham United,Left-Back,"€12,000,000.00","10,560,000",494,21,"40,000",D,RB,23,Brazil,Tottenham,Premier League,2022-2023
Emerson,181778,379,West Ham United,Left-Back,"€12,000,000.00","10,560,000",504,4,"95,000",D,LB,28,Italy,West Ham,Premier League,2022-2023
Emil Krafth,184528,762,Newcastle United,Right-Back,"€4,000,000.00","3,520,000",397,12,"55,000",D,RB,28,Sweden,Newcastle,Premier League,2022-2023
Emile Smith Rowe,392765,11,Arsenal FC,Attacking Midfield,"€38,000,000.00","33,440,000",18,19,"40,000",F,AM,22,England,Arsenal,Premier League,2022-2023
Emiliano Buendía,321247,405,Aston Villa,Right Winger,"€28,000,000.00","24,640,000",35,11,"75,000",F,RW,25,Argentina,Aston Villa,Premier League,2022-2023
Emiliano Marcondes,232964,989,Bournemouth,Attacking Midfield,"€1,800,000.00","1,584,000",72,19,"15,000",F,AM,27,Denmark,Bournemouth,Premier League,2022-2023
Emiliano Martínez,111873,405,Aston Villa,Goalkeeper,"€25,000,000.00","22,000,000",28,4,"120,000",K,GK,30,Argentina,Aston Villa,Premier League,2022-2023
Eric Dier,175722,148,Tottenham Hotspur,Centre-Back,"€30,000,000.00","26,400,000",484,11,"85,000",D,CB,28,England,Tottenham,Premier League,2022-2023
Erling Haaland,418560,281,Manchester City,Centre-Forward,"€170,000,000.00","149,600,000",329,2,"375,000",F,CF,22,Norway,Manchester City,Premier League,2022-2023
Ethan Pinnock,442248,1148,Brentford FC,Centre-Back,"€12,000,000.00","10,560,000",93,11,"15,000",D,CB,29,Jamaica,Brentford,Premier League,2022-2023
Ezri Konsa,413403,405,Aston Villa,Centre-Back,"€22,000,000.00","19,360,000",47,23,"30,000",D,CB,24,England,Aston Villa,Premier League,2022-2023
Fabian Schär,135343,762,Newcastle United,Centre-Back,"€10,000,000.00","8,800,000",404,19,"40,000",D,CB,30,Switzerland,Newcastle,Premier League,2022-2023
Fabinho,225693,31,Liverpool FC,Defensive Midfield,"€55,000,000.00","48,400,000",303,5,"180,000",M,DM,28,Brazil,Liverpool,Premier League,2022-2023
Facundo Pellistri,676318,985,Manchester United,Right Winger,"€3,000,000.00","2,640,000",378,26,"20,000",F,RW,20,Uruguay,Manchester United,Premier League,2022-2023
Flynn Downes,506189,379,West Ham United,Central Midfield,"€8,000,000.00","7,040,000",522,22,"25,000",M,CM,23,England,West Ham,Premier League,2022-2023
Frank Onyeka,421637,1148,Brentford FC,Central Midfield,"€9,000,000.00","7,920,000",90,8,"18,462",M,CM,24,Nigeria,Brentford,Premier League,2022-2023
Fraser Forster,52570,148,Tottenham Hotspur,Goalkeeper,"€1,500,000.00","1,320,000",486,13,"75,000",K,GK,34,England,Tottenham,Premier League,2022-2023
Fred,191614,985,Manchester United,Central Midfield,"€20,000,000.00","17,600,000",367,15,"120,000",M,CM,29,Brazil,Manchester United,Premier League,2022-2023
Frédéric Guilbert,354352,405,Aston Villa,Right-Back,"€5,000,000.00","4,400,000",46,22,"40,000",D,RB,27,France,Aston Villa,Premier League,2022-2023
Fábio Carvalho,559263,31,Liverpool FC,Attacking Midfield,"€20,000,000.00","17,600,000",321,23,"40,000",F,AM,20,Portugal,Liverpool,Premier League,2022-2023
Fábio Vieira,537598,11,Arsenal FC,Attacking Midfield,"€30,000,000.00","26,400,000",16,17,"45,000",F,AM,22,Portugal,Arsenal,Premier League,2022-2023
Gabriel Jesus,363205,11,Arsenal FC,Centre-Forward,"€75,000,000.00","66,000,000",0,1,"265,000",F,CF,25,Brazil,Arsenal,Premier League,2022-2023
Gabriel Magalhães,435338,11,Arsenal FC,Centre-Back,"€40,000,000.00","35,200,000",14,15,"50,000",D,CB,24,Brazil,Arsenal,Premier League,2022-2023
Gabriel Martinelli,655488,11,Arsenal FC,Left Winger,"€60,000,000.00","52,800,000",8,9,"90,000",F,LW,21,Brazil,Arsenal,Premier League,2022-2023
Gianluca Scamacca,315867,379,West Ham United,Centre-Forward,"€30,000,000.00","26,400,000",505,5,"90,000",F,CF,23,Italy,West Ham,Premier League,2022-2023
Granit Xhaka,111455,11,Arsenal FC,Central Midfield,"€28,000,000.00","24,640,000",4,5,"120,000",M,DM,29,Switzerland,Arsenal,Premier League,2022-2023
Hakim Ziyech,217111,631,Chelsea FC,Attacking Midfield,"€17,000,000.00","14,960,000",151,18,"100,000",F,AM,29,Morocco,Chelsea,Premier League,2022-2023
Harrison Reed,226973,931,Fulham FC,Central Midfield,"€15,000,000.00","13,200,000",231,16,"11,923",M,CM,27,England,Fulham,Premier League,2022-2023
Harry Arter,55742,703,Nottingham Forest,Central Midfield,"€600,000.00","528,000",421,6,"22,308",M,CM,32,Ireland,Nottingham Forest,Premier League,2022-2023
Harry Kane,132098,148,Tottenham Hotspur,Centre-Forward,"€90,000,000.00","79,200,000",474,1,"200,000",F,CF,29,England,Tottenham,Premier League,2022-2023
Harry Maguire,177907,985,Manchester United,Centre-Back,"€30,000,000.00","26,400,000",362,10,"190,000",D,CB,29,England,Manchester United,Premier League,2022-2023
Harry Wilson,279455,931,Fulham FC,Right Winger,"€17,000,000.00","14,960,000",226,11,"32,885",F,RW,25,Wales,Fulham,Premier League,2022-2023
Harvey Barnes,398065,1003,Leicester City,Left Midfield,"€32,000,000.00","28,160,000",288,18,"40,000",M,LM,24,England,Leicester,Premier League,2022-2023
Harvey Elliott,565822,31,Liverpool FC,Attacking Midfield,"€35,000,000.00","30,800,000",322,24,"40,000",F,RW,19,England,Liverpool,Premier League,2022-2023
Hee-chan Hwang,292246,543,Wolverhampton Wanderers,Centre-Forward,"€12,000,000.00","10,560,000",539,13,"19,231",F,CF,26,South Korea,Wolverhampton,Premier League,2022-2023
Heung-min Son,91845,148,Tottenham Hotspur,Left Winger,"€70,000,000.00","61,600,000",475,2,"190,000",F,LW,30,South Korea,Tottenham,Premier League,2022-2023
Hugo Lloris,17965,148,Tottenham Hotspur,Goalkeeper,"€7,000,000.00","6,160,000",481,8,"100,000",K,GK,35,France,Tottenham,Premier League,2022-2023
Ibrahima Diallo,413032,180,Southampton FC,Defensive Midfield,"€8,000,000.00","7,040,000",451,4,"55,000",M,DM,23,France,Southampton,Premier League,2022-2023
Ibrahima Konaté,357119,31,Liverpool FC,Centre-Back,"€35,000,000.00","30,800,000",315,17,"70,000",D,CB,23,France,Liverpool,Premier League,2022-2023
Idrissa Gueye,126665,29,Everton FC,Central Midfield,"€8,000,000.00","7,040,000",194,8,"80,000",M,CM,32,Senegal,Everton,Premier League,2022-2023
Ilkay Gündogan,53622,281,Manchester City,Central Midfield,"€25,000,000.00","22,000,000",341,14,"140,000",M,CM,31,Germany,Manchester City,Premier League,2022-2023
Illan Meslier,542586,399,Leeds United,Goalkeeper,"€22,000,000.00","19,360,000",247,6,"21,923",K,GK,22,France,Leeds,Premier League,2022-2023
Ivan Perisic,42460,148,Tottenham Hotspur,Left Midfield,"€10,000,000.00","8,800,000",476,3,"180,000",M,LM,33,Croatia,Tottenham,Premier League,2022-2023
Ivan Toney,251664,1148,Brentford FC,Centre-Forward,"€45,000,000.00","39,600,000",86,4,"21,154",F,CF,26,England,Brentford,Premier League,2022-2023
Jack Butland,128899,873,Crystal Palace,Goalkeeper,"€1,500,000.00","1,320,000",175,15,"45,000",K,GK,29,England,Crystal Palace,Premier League,2022-2023
Jack Colback,61644,703,Nottingham Forest,Defensive Midfield,"€800,000.00","704,000",426,11,"10,000",M,DM,32,England,Nottingham Forest,Premier League,2022-2023
Jack Grealish,203460,281,Manchester City,Left Winger,"€70,000,000.00","61,600,000",330,3,"300,000",F,LW,26,England,Manchester City,Premier League,2022-2023
Jack Harrison,417346,399,Leeds United,Left Winger,"€25,000,000.00","22,000,000",250,9,"15,000",F,LW,25,England,Leeds,Premier League,2022-2023
Jack Stacey,249356,989,Bournemouth,Right-Back,"€3,000,000.00","2,640,000",68,15,"30,000",D,RB,26,England,Bournemouth,Premier League,2022-2023
Jack Stephens,163744,989,Bournemouth,Centre-Back,"€5,000,000.00","4,400,000",59,6,"45,000",D,CB,28,England,Bournemouth,Premier League,2022-2023
Jacob Murphy,199527,762,Newcastle United,Right Winger,"€10,000,000.00","8,800,000",407,22,"35,000",F,RW,27,England,Newcastle,Premier League,2022-2023
Jacob Ramsey,503749,405,Aston Villa,Central Midfield,"€28,000,000.00","24,640,000",38,14,"70,000",M,CM,21,England,Aston Villa,Premier League,2022-2023
Jadon Sancho,401173,985,Manchester United,Left Winger,"€60,000,000.00","52,800,000",355,3,"350,000",F,LW,22,England,Manchester United,Premier League,2022-2023
Jaidon Anthony,684210,989,Bournemouth,Left Winger,"€5,000,000.00","4,400,000",74,21,"10,000",F,LW,22,England,Bournemouth,Premier League,2022-2023
Jairo Riedewald,241481,873,Crystal Palace,Defensive Midfield,"€4,000,000.00","3,520,000",169,9,"55,000",M,DM,25,Netherlands,Crystal Palace,Premier League,2022-2023
Jakub Moder,384461,1237,Brighton & Hove Albion,Central Midfield,"€12,000,000.00","10,560,000",120,12,"10,000",M,CM,23,Poland,Brighton,Premier League,2022-2023
Jamaal Lascelles,183318,762,Newcastle United,Centre-Back,"€7,000,000.00","6,160,000",403,18,"40,000",D,CB,28,England,Newcastle,Premier League,2022-2023
Jamal Lewis,346018,762,Newcastle United,Left-Back,"€8,000,000.00","7,040,000",405,20,"38,000",D,LB,24,Northern Ireland,Newcastle,Premier League,2022-2023
Jamal Lowe,239949,989,Bournemouth,Right Winger,"€1,500,000.00","1,320,000",73,20,"12,000",F,RW,28,Jamaica,Bournemouth,Premier League,2022-2023
James Garner,505219,29,Everton FC,Defensive Midfield,"€14,000,000.00","12,320,000",205,19,"30,000",M,DM,21,England,Everton,Premier League,2022-2023
James Hill,611793,989,Bournemouth,Centre-Back,"€1,000,000.00","880,000",79,26,"3,000",D,CB,20,England,Bournemouth,Premier League,2022-2023
James Justin,413220,1003,Leicester City,Right-Back,"€25,000,000.00","22,000,000",291,21,"30,000",D,RB,24,England,Leicester,Premier League,2022-2023
James Maddison,294057,1003,Leicester City,Attacking Midfield,"€55,000,000.00","48,400,000",272,2,"110,000",F,AM,25,England,Leicester,Premier League,2022-2023
James McArthur,41416,873,Crystal Palace,Central Midfield,"€700,000.00","616,000",167,7,"55,000",M,CM,34,Scotland,Crystal Palace,Premier League,2022-2023
James Milner,3333,31,Liverpool FC,Central Midfield,"€2,000,000.00","1,760,000",317,19,"60,000",M,CM,36,England,Liverpool,Premier League,2022-2023
James Tarkowski,173504,29,Everton FC,Centre-Back,"€22,000,000.00","19,360,000",192,6,"100,000",D,CB,29,England,Everton,Premier League,2022-2023
James Tomkins,61592,873,Crystal Palace,Centre-Back,"€1,000,000.00","880,000",173,13,"50,000",D,CB,33,England,Crystal Palace,Premier League,2022-2023
James Ward-Prowse,181579,180,Southampton FC,Central Midfield,"€35,000,000.00","30,800,000",456,9,"45,000",M,CM,27,England,Southampton,Premier League,2022-2023
Jamie Vardy,197838,1003,Leicester City,Centre-Forward,"€4,000,000.00","3,520,000",271,1,"140,000",F,CF,35,England,Leicester,Premier League,2022-2023
Jan Bednarek,243028,405,Aston Villa,Centre-Back,"€18,000,000.00","15,840,000",39,15,"60,000",D,CB,26,Poland,Aston Villa,Premier League,2022-2023
Jan Paul van Hecke,576314,1237,Brighton & Hove Albion,Centre-Back,"€5,000,000.00","4,400,000",122,14,"4,615",D,CB,22,Netherlands,Brighton,Premier League,2022-2023
Jannik Vestergaard,99331,1003,Leicester City,Centre-Back,"€7,000,000.00","6,160,000",281,11,"70,000",D,CB,30,Denmark,Leicester,Premier League,2022-2023
Japhet Tanganga,346478,148,Tottenham Hotspur,Centre-Back,"€9,000,000.00","7,920,000",496,23,"25,000",D,CB,23,England,Tottenham,Premier League,2022-2023
Jarrod Bowen,314875,379,West Ham United,Right Winger,"€42,000,000.00","36,960,000",514,14,"60,000",F,RW,25,England,West Ham,Premier League,2022-2023
Jason Steele,73564,1237,Brighton & Hove Albion,Goalkeeper,"€600,000.00","528,000",119,11,"15,962",K,GK,32,England,Brighton,Premier League,2022-2023
Javier Manquillo,162029,762,Newcastle United,Right-Back,"€3,000,000.00","2,640,000",408,23,"35,000",D,RB,28,Spain,Newcastle,Premier League,2022-2023
Jean-Philippe Mateta,420002,873,Crystal Palace,Centre-Forward,"€9,000,000.00","7,920,000",171,11,"53,462",F,CF,25,France,Crystal Palace,Premier League,2022-2023
Jed Steer,110867,405,Aston Villa,Goalkeeper,"€600,000.00","528,000",49,25,"20,000",K,GK,29,England,Aston Villa,Premier League,2022-2023
Jefferson Lerma,262980,989,Bournemouth,Defensive Midfield,"€15,000,000.00","13,200,000",54,1,"55,000",M,DM,27,Colombia,Bournemouth,Premier League,2022-2023
Jeffrey Schlupp,157506,873,Crystal Palace,Left Midfield,"€8,000,000.00","7,040,000",166,6,"55,962",M,LM,29,Ghana,Crystal Palace,Premier League,2022-2023
Jesse Lingard,141660,703,Nottingham Forest,Attacking Midfield,"€14,000,000.00","12,320,000",416,1,"200,000",F,AM,29,England,Nottingham Forest,Premier League,2022-2023
Joachim Andersen,260827,873,Crystal Palace,Centre-Back,"€32,000,000.00","28,160,000",164,4,"79,423",D,CB,26,Denmark,Crystal Palace,Premier League,2022-2023
Joe Gelhardt,503980,399,Leeds United,Centre-Forward,"€8,000,000.00","7,040,000",249,8,"16,538",F,CF,20,England,Leeds,Premier League,2022-2023
Joe Gomez,256178,31,Liverpool FC,Centre-Back,"€30,000,000.00","26,400,000",314,16,"85,000",D,CB,25,England,Liverpool,Premier League,2022-2023
Joe Rothwell,183293,989,Bournemouth,Central Midfield,"€3,500,000.00","3,080,000",77,24,"8,000",M,CM,27,England,Bournemouth,Premier League,2022-2023
Joe Willock,340329,762,Newcastle United,Central Midfield,"€30,000,000.00","26,400,000",393,8,"80,000",M,CM,23,England,Newcastle,Premier League,2022-2023
Joe Worrall,415970,703,Nottingham Forest,Centre-Back,"€8,000,000.00","7,040,000",427,12,"10,000",D,CB,25,England,Nottingham Forest,Premier League,2022-2023
Joel Matip,82105,31,Liverpool FC,Centre-Back,"€16,000,000.00","14,080,000",312,14,"100,000",D,CB,31,Cameroon,Liverpool,Premier League,2022-2023
Joel Ward,92572,873,Crystal Palace,Right-Back,"€2,000,000.00","1,760,000",176,16,"35,000",D,RB,32,England,Crystal Palace,Premier League,2022-2023
Joelinton,333241,762,Newcastle United,Attacking Midfield,"€32,000,000.00","28,160,000",391,6,"85,000",F,AM,26,Brazil,Newcastle,Premier League,2022-2023
John McGinn,193116,405,Aston Villa,Central Midfield,"€30,000,000.00","26,400,000",40,16,"55,000",M,CM,27,Scotland,Aston Villa,Premier League,2022-2023
John Stones,186590,281,Manchester City,Centre-Back,"€30,000,000.00","26,400,000",331,4,"250,000",D,CB,28,England,Manchester City,Premier League,2022-2023
Jonjo Shelvey,71292,762,Newcastle United,Central Midfield,"€7,000,000.00","6,160,000",394,9,"70,000",M,CM,30,England,Newcastle,Premier League,2022-2023
Jonny Evans,42412,1003,Leicester City,Centre-Back,"€3,000,000.00","2,640,000",273,3,"100,000",D,CB,34,Northern Ireland,Leicester,Premier League,2022-2023
Jonny Otto,175446,543,Wolverhampton Wanderers,Left-Back,"€17,000,000.00","14,960,000",536,10,"36,731",D,LB,28,Spain,Wolverhampton,Premier League,2022-2023
Jordan Ayew,108354,873,Crystal Palace,Centre-Forward,"€6,000,000.00","5,280,000",177,17,"32,500",F,CF,30,Ghana,Crystal Palace,Premier League,2022-2023
Jordan Henderson,61651,31,Liverpool FC,Central Midfield,"€15,000,000.00","13,200,000",306,8,"140,000",M,CM,32,England,Liverpool,Premier League,2022-2023
Jordan Pickford,130164,29,Everton FC,Goalkeeper,"€28,000,000.00","24,640,000",193,7,"100,000",K,GK,28,England,Everton,Premier League,2022-2023
Jordan Smith,452707,703,Nottingham Forest,Goalkeeper,"€300,000.00","264,000",430,15,"2,500",K,GK,27,England,Nottingham Forest,Premier League,2022-2023
Jordan Zemura,633530,989,Bournemouth,Left-Back,"€4,000,000.00","3,520,000",75,22,"8,000",D,LB,22,Zimbabwe,Bournemouth,Premier League,2022-2023
Jorginho,102017,631,Chelsea FC,Defensive Midfield,"€35,000,000.00","30,800,000",148,15,"110,000",M,DM,30,Italy,Chelsea,Premier League,2022-2023
Josh Onomah,243589,931,Fulham FC,Central Midfield,"€2,500,000.00","2,200,000",227,12,"30,000",M,CM,25,England,Fulham,Premier League,2022-2023
José Sá,249994,543,Wolverhampton Wanderers,Goalkeeper,"€18,000,000.00","15,840,000",538,12,"28,654",K,GK,29,Portugal,Wolverhampton,Premier League,2022-2023
João Cancelo,182712,281,Manchester City,Right-Back,"€70,000,000.00","61,600,000",332,5,"250,000",D,RB,28,Portugal,Manchester City,Premier League,2022-2023
João Moutinho,29364,543,Wolverhampton Wanderers,Central Midfield,"€2,000,000.00","1,760,000",527,1,"100,000",M,CM,35,Portugal,Wolverhampton,Premier League,2022-2023
Joël Veltman,111195,1237,Brighton & Hove Albion,Right-Back,"€10,000,000.00","8,800,000",114,6,"38,462",D,RB,30,Netherlands,Brighton,Premier League,2022-2023
Julián Álvarez,576024,281,Manchester City,Centre-Forward,"€32,000,000.00","28,160,000",348,21,"50,000",F,CF,22,Argentina,Manchester City,Premier League,2022-2023
Junior Firpo,374139,399,Leeds United,Left-Back,"€12,000,000.00","10,560,000",244,3,"42,308",D,LB,26,Dominican Republic,Leeds,Premier League,2022-2023
Junior Stanislas,87672,989,Bournemouth,Left Winger,"€700,000.00","616,000",65,12,"35,000",F,LW,32,England,Bournemouth,Premier League,2022-2023
Kai Havertz,309400,631,Chelsea FC,Attacking Midfield,"€70,000,000.00","61,600,000",145,12,"150,000",F,AM,23,Germany,Chelsea,Premier League,2022-2023
Kalidou Koulibaly,93128,631,Chelsea FC,Centre-Back,"€35,000,000.00","30,800,000",135,2,"295,000",D,CB,31,Senegal,Chelsea,Premier League,2022-2023
Kalvin Phillips,351749,281,Manchester City,Defensive Midfield,"€45,000,000.00","39,600,000",339,12,"150,000",M,DM,26,England,Manchester City,Premier League,2022-2023
Karl Darlow,99397,762,Newcastle United,Goalkeeper,"€1,800,000.00","1,584,000",410,25,"30,000",K,GK,31,England,Newcastle,Premier League,2022-2023
Kelechi Iheanacho,295330,1003,Leicester City,Centre-Forward,"€17,000,000.00","14,960,000",275,5,"80,000",F,CF,25,Nigeria,Leicester,Premier League,2022-2023
Kenny Tete,206746,931,Fulham FC,Right-Back,"€7,000,000.00","6,160,000",219,4,"50,962",D,RB,26,Netherlands,Fulham,Premier League,2022-2023
Kepa Arrizabalaga,192279,631,Chelsea FC,Goalkeeper,"€15,000,000.00","13,200,000",143,10,"150,000",K,GK,27,Spain,Chelsea,Premier League,2022-2023
Kevin De Bruyne,88755,281,Manchester City,Attacking Midfield,"€80,000,000.00","70,400,000",328,1,"400,000",F,AM,31,Belgium,Manchester City,Premier League,2022-2023
Kieffer Moore,275590,989,Bournemouth,Centre-Forward,"€4,000,000.00","3,520,000",71,18,"15,000",F,CF,30,Wales,Bournemouth,Premier League,2022-2023
Kieran Tierney,300716,11,Arsenal FC,Left-Back,"€30,000,000.00","26,400,000",6,7,"110,000",D,LB,25,Scotland,Arsenal,Premier League,2022-2023
Kieran Trippier,95810,762,Newcastle United,Right-Back,"€13,000,000.00","11,440,000",388,3,"100,000",D,RB,31,England,Newcastle,Premier League,2022-2023
Kiernan Dewsbury-Hall,475188,1003,Leicester City,Central Midfield,"€20,000,000.00","17,600,000",293,23,"20,000",M,CM,23,England,Leicester,Premier League,2022-2023
Konstantinos Tsimikas,338070,31,Liverpool FC,Left-Back,"€18,000,000.00","15,840,000",320,22,"50,000",D,LB,26,Greece,Liverpool,Premier League,2022-2023
Kristoffer Ajer,328658,1148,Brentford FC,Centre-Back,"€16,000,000.00","14,080,000",85,3,"22,115",D,CB,24,Norway,Brentford,Premier League,2022-2023
Kristoffer Klaesson,418561,399,Leeds United,Goalkeeper,"€2,000,000.00","1,760,000",251,10,"10,962",K,GK,21,Norway,Leeds,Premier League,2022-2023
Kurt Zouma,157509,379,West Ham United,Centre-Back,"€32,000,000.00","28,160,000",502,2,"125,000",D,CB,27,France,West Ham,Premier League,2022-2023
Kyle Walker,95424,281,Manchester City,Right-Back,"€15,000,000.00","13,200,000",338,11,"160,000",D,RB,32,England,Manchester City,Premier League,2022-2023
Kyle Walker-Peters,341051,180,Southampton FC,Right-Back,"€25,000,000.00","22,000,000",460,13,"20,000",D,RB,25,England,Southampton,Premier League,2022-2023
Layvin Kurzawa,126710,931,Fulham FC,Left-Back,"€5,000,000.00","4,400,000",216,1,"89,231",D,LB,29,France,Fulham,Premier League,2022-2023
Leander Dendoncker,168157,405,Aston Villa,Defensive Midfield,"€22,000,000.00","19,360,000",32,8,"90,000",M,DM,27,Belgium,Aston Villa,Premier League,2022-2023
Leandro Trossard,144028,1237,Brighton & Hove Albion,Left Winger,"€30,000,000.00","26,400,000",113,5,"42,500",F,LW,27,Belgium,Brighton,Premier League,2022-2023
Leon Bailey,387626,405,Aston Villa,Left Winger,"€25,000,000.00","22,000,000",31,7,"100,000",F,LW,25,Jamaica,Aston Villa,Premier League,2022-2023
Lewis Cook,249089,989,Bournemouth,Central Midfield,"€10,000,000.00","8,800,000",60,7,"40,000",M,CM,25,England,Bournemouth,Premier League,2022-2023
Lewis Dunk,148153,1237,Brighton & Hove Albion,Centre-Back,"€18,000,000.00","15,840,000",112,4,"45,000",D,CB,30,England,Brighton,Premier League,2022-2023
Liam Cooper,75067,399,Leeds United,Centre-Back,"€5,000,000.00","4,400,000",256,15,"6,538",D,CB,31,Scotland,Leeds,Premier League,2022-2023
Lisandro Martínez,480762,985,Manchester United,Centre-Back,"€50,000,000.00","44,000,000",368,16,"120,000",D,CB,24,Argentina,Manchester United,Premier League,2022-2023
Lloyd Kelly,480116,989,Bournemouth,Centre-Back,"€15,000,000.00","13,200,000",67,14,"30,000",D,CB,23,England,Bournemouth,Premier League,2022-2023
Loris Karius,85864,762,Newcastle United,Goalkeeper,"€1,500,000.00","1,320,000",411,26,"20,000",K,GK,29,Germany,Newcastle,Premier League,2022-2023
Loïc Badé,730581,703,Nottingham Forest,Centre-Back,"€10,000,000.00","8,800,000",420,5,"26,154",D,CB,22,France,Nottingham Forest,Premier League,2022-2023
Loïc Mbe Soh,463610,703,Nottingham Forest,Centre-Back,"€2,500,000.00","2,200,000",429,14,"5,577",D,CB,21,France,Nottingham Forest,Premier League,2022-2023
Lucas Digne,126664,405,Aston Villa,Left-Back,"€22,000,000.00","19,360,000",25,1,"160,000",D,LB,29,France,Aston Villa,Premier League,2022-2023
Lucas Moura,77100,148,Tottenham Hotspur,Right Winger,"€12,000,000.00","10,560,000",483,10,"90,000",F,RW,30,Brazil,Tottenham,Premier League,2022-2023
Lucas Paquetá,444523,379,West Ham United,Attacking Midfield,"€45,000,000.00","39,600,000",501,1,"150,000",F,AM,25,Brazil,West Ham,Premier League,2022-2023
Ludwig Augustinsson,170646,405,Aston Villa,Left-Back,"€4,000,000.00","3,520,000",50,26,"20,000",D,LB,28,Sweden,Aston Villa,Premier League,2022-2023
Luis Díaz,480692,31,Liverpool FC,Left Winger,"€75,000,000.00","66,000,000",319,21,"55,000",F,LW,25,Colombia,Liverpool,Premier League,2022-2023
Luka Milivojevic,74300,873,Crystal Palace,Defensive Midfield,"€2,500,000.00","2,200,000",168,8,"55,000",M,DM,31,Serbia,Crystal Palace,Premier League,2022-2023
Lukasz Fabianski,29692,379,West Ham United,Goalkeeper,"€1,000,000.00","880,000",513,13,"65,000",K,GK,37,Poland,West Ham,Premier League,2022-2023
Luke Ayling,67420,399,Leeds United,Right-Back,"€2,000,000.00","1,760,000",252,11,"8,077",D,RB,31,England,Leeds,Premier League,2022-2023
Luke Shaw,183288,985,Manchester United,Left-Back,"€28,000,000.00","24,640,000",363,11,"150,000",D,LB,27,England,Manchester United,Premier League,2022-2023
Luke Thomas,505194,1003,Leicester City,Left-Back,"€10,000,000.00","8,800,000",296,26,"10,000",D,LB,21,England,Leicester,Premier League,2022-2023
Lyanco,379807,180,Southampton FC,Centre-Back,"€4,000,000.00","3,520,000",454,7,"48,077",D,CB,25,Brazil,Southampton,Premier League,2022-2023
Lyle Taylor,104495,703,Nottingham Forest,Centre-Forward,"€350,000.00","308,000",422,7,"20,000",F,CF,32,Montserrat,Nottingham Forest,Premier League,2022-2023
Léo Bonatini,181781,543,Wolverhampton Wanderers,Centre-Forward,"€500,000.00","440,000",537,11,"35,000",F,CF,28,Brazil,Wolverhampton,Premier League,2022-2023
Mads Roerslev Rasmussen,391005,1148,Brentford FC,Right-Back,"€2,200,000.00","1,936,000",100,18,"5,000",D,RB,23,Denmark,Brentford,Premier League,2022-2023
Manuel Akanji,284730,281,Manchester City,Centre-Back,"€30,000,000.00","26,400,000",335,8,"180,000",D,CB,27,Switzerland,Manchester City,Premier League,2022-2023
Manuel Lanzini,135853,379,West Ham United,Attacking Midfield,"€10,000,000.00","8,800,000",508,8,"70,000",F,AM,29,Argentina,West Ham,Premier League,2022-2023
Marc Albrighton,61560,1003,Leicester City,Right Midfield,"€2,000,000.00","1,760,000",287,17,"45,000",M,RM,32,England,Leicester,Premier League,2022-2023
Marc Cucurella,284857,631,Chelsea FC,Left-Back,"€55,000,000.00","48,400,000",141,8,"175,000",D,LB,24,Spain,Chelsea,Premier League,2022-2023
Marc Guéhi,392757,873,Crystal Palace,Centre-Back,"€35,000,000.00","30,800,000",172,12,"50,192",D,CB,22,England,Crystal Palace,Premier League,2022-2023
Marcos Senesi,469781,989,Bournemouth,Centre-Back,"€17,000,000.00","14,960,000",55,2,"50,000",D,CB,25,Argentina,Bournemouth,Premier League,2022-2023
Marcus Bettinelli,116648,631,Chelsea FC,Goalkeeper,"€2,000,000.00","1,760,000",158,25,"35,000",K,GK,30,England,Chelsea,Premier League,2022-2023
Marcus Rashford,258923,985,Manchester United,Left Winger,"€55,000,000.00","48,400,000",360,8,"200,000",F,LW,24,England,Manchester United,Premier League,2022-2023
Marcus Tavernier,399434,989,Bournemouth,Attacking Midfield,"€15,000,000.00","13,200,000",69,16,"20,000",M,CM,23,England,Bournemouth,Premier League,2022-2023
Marek Rodak,186901,931,Fulham FC,Goalkeeper,"€3,500,000.00","3,080,000",232,17,"4,423",K,GK,25,Slovakia,Fulham,Premier League,2022-2023
Mark Gillespie,142389,762,Newcastle United,Goalkeeper,"€300,000.00","264,000",412,27,"10,000",K,GK,30,England,Newcastle,Premier League,2022-2023
Mark Travers,357658,989,Bournemouth,Goalkeeper,"€2,000,000.00","1,760,000",70,17,"20,000",K,GK,23,Ireland,Bournemouth,Premier League,2022-2023
Marquinhos,668268,11,Arsenal FC,Right Winger,"€10,000,000.00","8,800,000",21,22,"30,000",F,RW,19,Brazil,Arsenal,Premier League,2022-2023
Martin Ødegaard,316264,11,Arsenal FC,Attacking Midfield,"€60,000,000.00","52,800,000",5,6,"115,000",F,AM,23,Norway,Arsenal,Premier League,2022-2023
Marvelous Nakamba,324882,405,Aston Villa,Defensive Midfield,"€5,000,000.00","4,400,000",48,24,"30,000",M,DM,28,Zimbabwe,Aston Villa,Premier League,2022-2023
Mason Holgate,348623,29,Everton FC,Centre-Back,"€16,000,000.00","14,080,000",198,12,"70,000",D,CB,25,England,Everton,Premier League,2022-2023
Mason Mount,346483,631,Chelsea FC,Attacking Midfield,"€75,000,000.00","66,000,000",153,20,"80,000",F,AM,23,England,Chelsea,Premier League,2022-2023
Mateo Kovacic,51471,631,Chelsea FC,Central Midfield,"€40,000,000.00","35,200,000",149,16,"100,000",M,CM,28,Croatia,Chelsea,Premier League,2022-2023
Mateusz Klich,92738,399,Leeds United,Central Midfield,"€2,000,000.00","1,760,000",254,13,"7,692",M,CM,32,Poland,Leeds,Premier League,2022-2023
Matheus Nunes,601883,543,Wolverhampton Wanderers,Central Midfield,"€45,000,000.00","39,600,000",528,2,"85,000",M,CM,24,Portugal,Wolverhampton,Premier League,2022-2023
Mathias Jensen,319859,1148,Brentford FC,Central Midfield,"€14,000,000.00","12,320,000",87,5,"20,000",M,CM,26,Denmark,Brentford,Premier League,2022-2023
Matija Sarkic,293257,543,Wolverhampton Wanderers,Goalkeeper,"€2,000,000.00","1,760,000",542,16,"12,500",K,GK,25,Montenegro,Wolverhampton,Premier League,2022-2023
Matt Doherty,171679,148,Tottenham Hotspur,Right-Back,"€12,000,000.00","10,560,000",489,16,"65,000",D,RB,30,Ireland,Tottenham,Premier League,2022-2023
Matt Ritchie,92469,762,Newcastle United,Right Midfield,"€1,800,000.00","1,584,000",400,15,"45,000",M,RM,32,Scotland,Newcastle,Premier League,2022-2023
Matt Targett,250478,762,Newcastle United,Left-Back,"€15,000,000.00","13,200,000",389,4,"100,000",D,LB,26,England,Newcastle,Premier League,2022-2023
Matt Turner,425306,11,Arsenal FC,Goalkeeper,"€5,000,000.00","4,400,000",20,21,"35,000",K,GK,28,United States,Arsenal,Premier League,2022-2023
Matty Cash,425334,405,Aston Villa,Right-Back,"€22,000,000.00","19,360,000",33,9,"80,000",D,RB,25,Poland,Aston Villa,Premier League,2022-2023
Max Kilman,525247,543,Wolverhampton Wanderers,Centre-Back,"€20,000,000.00","17,600,000",541,15,"15,000",D,CB,25,England,Wolverhampton,Premier League,2022-2023
Maxwel Cornet,234781,379,West Ham United,Left Winger,"€15,000,000.00","13,200,000",510,10,"65,000",F,LW,25,Cote d'Ivoire,West Ham,Premier League,2022-2023
Michael Keane,118534,29,Everton FC,Centre-Back,"€14,000,000.00","12,320,000",196,10,"80,000",D,CB,29,England,Everton,Premier League,2022-2023
Michael Olise,566723,873,Crystal Palace,Right Midfield,"€22,000,000.00","19,360,000",174,14,"47,500",M,RM,20,France,Crystal Palace,Premier League,2022-2023
Michail Antonio,104124,379,West Ham United,Centre-Forward,"€9,000,000.00","7,920,000",506,6,"85,000",F,CF,32,Jamaica,West Ham,Premier League,2022-2023
Miguel Almirón,272999,762,Newcastle United,Attacking Midfield,"€20,000,000.00","17,600,000",401,16,"42,000",F,AM,28,Paraguay,Newcastle,Premier League,2022-2023
Mohamed Elneny,160438,11,Arsenal FC,Defensive Midfield,"€9,000,000.00","7,920,000",13,14,"55,000",M,DM,30,Egypt,Arsenal,Premier League,2022-2023
Mohamed Elyounoussi,186644,180,Southampton FC,Left Winger,"€12,000,000.00","10,560,000",449,2,"60,000",F,LW,28,Norway,Southampton,Premier League,2022-2023
Mohamed Salah,148455,31,Liverpool FC,Right Winger,"€80,000,000.00","70,400,000",299,1,"350,000",F,RW,30,Egypt,Liverpool,Premier League,2022-2023
Mohammed Salisu,563963,180,Southampton FC,Centre-Back,"€18,000,000.00","15,840,000",459,12,"23,077",D,CB,23,Ghana,Southampton,Premier League,2022-2023
Moisés Caicedo,687626,1237,Brighton & Hove Albion,Central Midfield,"€38,000,000.00","33,440,000",123,15,"3,462",M,CM,20,Ecuador,Brighton,Premier League,2022-2023
Morgan Sanson,174094,405,Aston Villa,Central Midfield,"€6,000,000.00","5,280,000",44,20,"45,000",M,CM,28,France,Aston Villa,Premier League,2022-2023
Moussa Djenepo,485424,180,Southampton FC,Left Winger,"€10,000,000.00","8,800,000",450,3,"55,000",F,LW,24,Mali,Southampton,Premier League,2022-2023
N'Golo Kanté,225083,631,Chelsea FC,Defensive Midfield,"€30,000,000.00","26,400,000",136,3,"290,000",M,DM,31,France,Chelsea,Premier League,2022-2023
Naby Keïta,302215,31,Liverpool FC,Central Midfield,"€20,000,000.00","17,600,000",309,11,"120,000",M,CM,27,Guinea,Liverpool,Premier League,2022-2023
Nampalys Mendy,111051,1003,Leicester City,Defensive Midfield,"€3,500,000.00","3,080,000",283,13,"55,000",M,DM,30,Senegal,Leicester,Premier League,2022-2023
Nathan Aké,177476,281,Manchester City,Centre-Back,"€30,000,000.00","26,400,000",344,17,"90,000",D,CB,27,Netherlands,Manchester City,Premier League,2022-2023
Nathan Ferguson,507254,873,Crystal Palace,Centre-Back,"€2,000,000.00","1,760,000",179,19,"28,846",D,CB,21,England,Crystal Palace,Premier League,2022-2023
Nathan Patterson,424015,29,Everton FC,Right-Back,"€14,000,000.00","12,320,000",206,20,"28,000",D,RB,20,Scotland,Everton,Premier League,2022-2023
Nathaniel Chalobah,128900,931,Fulham FC,Defensive Midfield,"€2,500,000.00","2,200,000",218,3,"51,923",M,DM,27,England,Fulham,Premier League,2022-2023
Nathaniel Clyne,85177,873,Crystal Palace,Right-Back,"€3,000,000.00","2,640,000",163,3,"80,769",D,RB,31,England,Crystal Palace,Premier League,2022-2023
Nathaniel Phillips,371814,31,Liverpool FC,Centre-Back,"€6,000,000.00","5,280,000",316,18,"65,000",D,CB,25,England,Liverpool,Premier League,2022-2023
Nayef Aguerd,361914,379,West Ham United,Centre-Back,"€25,000,000.00","22,000,000",518,18,"50,000",D,CB,26,Morocco,West Ham,Premier League,2022-2023
Neal Maupay,217115,29,Everton FC,Centre-Forward,"€13,000,000.00","11,440,000",202,16,"50,000",F,CF,26,France,Everton,Premier League,2022-2023
Neeskens Kebano,111422,931,Fulham FC,Left Winger,"€4,000,000.00","3,520,000",230,15,"13,462",F,LW,30,Democratic Republic of the Congo,Fulham,Premier League,2022-2023
Neto,111819,989,Bournemouth,Goalkeeper,"€2,500,000.00","2,200,000",58,5,"50,000",K,GK,33,Brazil,Bournemouth,Premier League,2022-2023
Nick Pope,192080,762,Newcastle United,Goalkeeper,"€18,000,000.00","15,840,000",396,11,"60,000",K,GK,30,England,Newcastle,Premier League,2022-2023
Nélson Semedo,231572,543,Wolverhampton Wanderers,Right-Back,"€18,000,000.00","15,840,000",529,3,"76,923",D,RB,28,Portugal,Wolverhampton,Premier League,2022-2023
Odsonne Edouard,344152,873,Crystal Palace,Centre-Forward,"€17,000,000.00","14,960,000",162,2,"94,808",F,CF,24,France,Crystal Palace,Premier League,2022-2023
Oleksandr Zinchenko,203853,11,Arsenal FC,Left-Back,"€32,000,000.00","28,160,000",2,3,"150,000",D,LB,25,Ukraine,Arsenal,Premier League,2022-2023
Oliver Skipp,406638,148,Tottenham Hotspur,Defensive Midfield,"€15,000,000.00","13,200,000",492,19,"40,000",M,DM,21,England,Tottenham,Premier League,2022-2023
Ollie Watkins,324358,405,Aston Villa,Centre-Forward,"€32,000,000.00","28,160,000",36,12,"75,000",F,CF,26,England,Aston Villa,Premier League,2022-2023
Pablo Fornals,357885,379,West Ham United,Attacking Midfield,"€25,000,000.00","22,000,000",511,11,"65,000",F,AM,26,Spain,West Ham,Premier League,2022-2023
Pascal Groß,82873,1237,Brighton & Hove Albion,Central Midfield,"€8,000,000.00","7,040,000",111,3,"50,000",M,CM,31,Germany,Brighton,Premier League,2022-2023
Pascal Struijk,410708,399,Leeds United,Centre-Back,"€20,000,000.00","17,600,000",255,14,"7,115",D,CB,23,Netherlands,Leeds,Premier League,2022-2023
Patrick Bamford,183334,399,Leeds United,Centre-Forward,"€12,000,000.00","10,560,000",245,4,"35,000",F,CF,28,England,Leeds,Premier League,2022-2023
Patson Daka,365172,1003,Leicester City,Centre-Forward,"€20,000,000.00","17,600,000",279,9,"75,000",F,CF,23,Zambia,Leicester,Premier League,2022-2023
Paul Dummett,170321,762,Newcastle United,Left-Back,"€1,200,000.00","1,056,000",409,24,"35,000",D,LB,30,Wales,Newcastle,Premier League,2022-2023
Pedro Neto,487465,543,Wolverhampton Wanderers,Left Winger,"€32,000,000.00","28,160,000",531,5,"50,000",F,LW,22,Portugal,Wolverhampton,Premier League,2022-2023
Phil Foden,406635,281,Manchester City,Central Midfield,"€110,000,000.00","96,800,000",333,6,"225,000",M,CM,22,England,Manchester City,Premier League,2022-2023
Phil Jones,117996,985,Manchester United,Centre-Back,"€2,000,000.00","1,760,000",371,19,"75,000",D,CB,30,England,Manchester United,Premier League,2022-2023
Philip Billing,320411,989,Bournemouth,Central Midfield,"€18,000,000.00","15,840,000",61,8,"40,000",M,CM,26,Denmark,Bournemouth,Premier League,2022-2023
Philippe Coutinho,80444,405,Aston Villa,Left Winger,"€18,000,000.00","15,840,000",27,3,"125,000",F,LW,30,Brazil,Aston Villa,Premier League,2022-2023
Pierre-Emerick Aubameyang,58864,631,Chelsea FC,Centre-Forward,"€12,000,000.00","10,560,000",142,9,"160,000",F,CF,33,Gabon,Chelsea,Premier League,2022-2023
Pierre-Emile Höjbjerg,167799,148,Tottenham Hotspur,Central Midfield,"€45,000,000.00","39,600,000",480,7,"100,000",M,CM,27,Denmark,Tottenham,Premier League,2022-2023
Pontus Jansson,125314,1148,Brentford FC,Centre-Back,"€5,000,000.00","4,400,000",83,1,"25,000",D,CB,31,Sweden,Brentford,Premier League,2022-2023
Raheem Sterling,134425,631,Chelsea FC,Left Winger,"€70,000,000.00","61,600,000",134,1,"325,000",F,LW,27,England,Chelsea,Premier League,2022-2023
Raphaël Varane,164770,985,Manchester United,Centre-Back,"€40,000,000.00","35,200,000",356,4,"340,000",D,CB,29,France,Manchester United,Premier League,2022-2023
Rayan Aït-Nouri,578391,543,Wolverhampton Wanderers,Left-Back,"€22,000,000.00","19,360,000",544,18,"4,423",D,LB,21,France,Wolverhampton,Premier League,2022-2023
Raúl Jiménez,206040,543,Wolverhampton Wanderers,Centre-Forward,"€12,000,000.00","10,560,000",535,9,"41,154",F,CF,31,Mexico,Wolverhampton,Premier League,2022-2023
Reece James,472423,631,Chelsea FC,Right-Back,"€70,000,000.00","61,600,000",137,4,"250,000",D,RB,22,England,Chelsea,Premier League,2022-2023
Reiss Nelson,340325,11,Arsenal FC,Right Winger,"€7,000,000.00","6,160,000",22,23,"15,000",F,RW,22,England,Arsenal,Premier League,2022-2023
Renan Lodi,476352,703,Nottingham Forest,Left-Back,"€20,000,000.00","17,600,000",418,3,"62,308",D,LB,24,Brazil,Nottingham Forest,Premier League,2022-2023
Ricardo Pereira,215876,1003,Leicester City,Right-Back,"€12,000,000.00","10,560,000",276,6,"80,000",D,RB,28,Portugal,Leicester,Premier League,2022-2023
Richarlison,378710,148,Tottenham Hotspur,Centre-Forward,"€50,000,000.00","44,000,000",482,9,"90,000",F,CF,25,Brazil,Tottenham,Premier League,2022-2023
Rico Henry,339556,1148,Brentford FC,Left-Back,"€22,000,000.00","19,360,000",96,14,"11,923",D,LB,25,England,Brentford,Premier League,2022-2023
Riyad Mahrez,171424,281,Manchester City,Right Winger,"€30,000,000.00","26,400,000",337,10,"160,000",F,RW,31,Algeria,Manchester City,Premier League,2022-2023
Rob Holding,253341,11,Arsenal FC,Centre-Back,"€10,000,000.00","8,800,000",19,20,"40,000",D,CB,26,England,Arsenal,Premier League,2022-2023
Robert Sánchez,403151,1237,Brighton & Hove Albion,Goalkeeper,"€32,000,000.00","28,160,000",121,13,"10,000",K,GK,24,Spain,Brighton,Premier League,2022-2023
Roberto Firmino,131789,31,Liverpool FC,Centre-Forward,"€28,000,000.00","24,640,000",304,6,"180,000",F,CF,30,Brazil,Liverpool,Premier League,2022-2023
Robin Koch,328784,399,Leeds United,Centre-Back,"€18,000,000.00","15,840,000",243,2,"46,154",D,CB,26,Germany,Leeds,Premier League,2022-2023
Robin Olsen,75458,405,Aston Villa,Goalkeeper,"€2,000,000.00","1,760,000",43,19,"50,000",K,GK,32,Sweden,Aston Villa,Premier League,2022-2023
Rodri,357565,281,Manchester City,Defensive Midfield,"€80,000,000.00","70,400,000",334,7,"220,000",M,DM,26,Spain,Manchester City,Premier League,2022-2023
Rodrigo,131505,399,Leeds United,Second Striker,"€9,000,000.00","7,920,000",242,1,"57,692",F,SS,31,Spain,Leeds,Premier League,2022-2023
Rodrigo Bentancur,354362,148,Tottenham Hotspur,Central Midfield,"€40,000,000.00","35,200,000",487,14,"75,000",M,CM,25,Uruguay,Tottenham,Premier League,2022-2023
Romain Perraud,318523,180,Southampton FC,Left-Back,"€10,000,000.00","8,800,000",457,10,"39,231",D,LB,24,France,Southampton,Premier League,2022-2023
Ruben Loftus-Cheek,202886,631,Chelsea FC,Central Midfield,"€25,000,000.00","22,000,000",146,13,"120,000",M,CM,26,England,Chelsea,Premier League,2022-2023
Ryan Bertrand,40611,1003,Leicester City,Left-Back,"€1,000,000.00","880,000",274,4,"80,000",D,LB,33,England,Leicester,Premier League,2022-2023
Ryan Christie,188077,989,Bournemouth,Attacking Midfield,"€9,000,000.00","7,920,000",66,13,"30,000",F,AM,27,Scotland,Bournemouth,Premier League,2022-2023
Ryan Fraser,146795,762,Newcastle United,Left Winger,"€10,000,000.00","8,800,000",402,17,"42,000",F,LW,28,Scotland,Newcastle,Premier League,2022-2023
Ryan Fredericks,140191,989,Bournemouth,Right-Back,"€2,000,000.00","1,760,000",62,9,"35,000",D,RB,29,England,Bournemouth,Premier League,2022-2023
Ryan Sessegnon,392775,148,Tottenham Hotspur,Left Midfield,"€22,000,000.00","19,360,000",491,18,"55,000",M,LM,22,England,Tottenham,Premier League,2022-2023
Ryan Yates,425902,703,Nottingham Forest,Central Midfield,"€8,000,000.00","7,040,000",428,13,"8,077",M,CM,24,England,Nottingham Forest,Premier League,2022-2023
Rúben Dias,258004,281,Manchester City,Centre-Back,"€75,000,000.00","66,000,000",336,9,"180,000",D,CB,25,Portugal,Manchester City,Premier League,2022-2023
Rúben Neves,225161,543,Wolverhampton Wanderers,Defensive Midfield,"€40,000,000.00","35,200,000",533,7,"50,000",M,DM,25,Portugal,Wolverhampton,Premier League,2022-2023
Rúben Vinagre,357158,29,Everton FC,Left-Back,"€5,000,000.00","4,400,000",208,22,"25,000",D,LB,23,Portugal,Everton,Premier League,2022-2023
Salomón Rondón,80197,29,Everton FC,Centre-Forward,"€2,000,000.00","1,760,000",195,9,"80,000",F,CF,32,Venezuela,Everton,Premier League,2022-2023
Sam Greenwood,532178,399,Leeds United,Attacking Midfield,"€4,000,000.00","3,520,000",258,17,"1,346",F,CF,20,England,Leeds,Premier League,2022-2023
Sam Surridge,398402,703,Nottingham Forest,Centre-Forward,"€3,500,000.00","3,080,000",425,10,"12,692",F,CF,24,England,Nottingham Forest,Premier League,2022-2023
Saman Ghoddos,204294,1148,Brentford FC,Attacking Midfield,"€2,200,000.00","1,936,000",92,10,"15,000",F,AM,28,Iran,Brentford,Premier League,2022-2023
Saïd Benrahma,290532,379,West Ham United,Left Winger,"€22,000,000.00","19,360,000",516,16,"55,000",F,LW,27,Algeria,West Ham,Premier League,2022-2023
Scott Carson,14555,281,Manchester City,Goalkeeper,"€250,000.00","220,000",349,22,"30,000",K,GK,36,England,Manchester City,Premier League,2022-2023
Scott McKenna,255906,703,Nottingham Forest,Centre-Back,"€10,000,000.00","8,800,000",424,9,"15,000",D,CB,25,Scotland,Nottingham Forest,Premier League,2022-2023
Scott McTominay,315969,985,Manchester United,Defensive Midfield,"€30,000,000.00","26,400,000",373,21,"60,000",M,DM,25,Scotland,Manchester United,Premier League,2022-2023
Seamus Coleman,68390,29,Everton FC,Right-Back,"€1,200,000.00","1,056,000",200,14,"55,000",D,RB,33,Ireland,Everton,Premier League,2022-2023
Sean Longstaff,346707,762,Newcastle United,Central Midfield,"€22,000,000.00","19,360,000",398,13,"50,000",M,CM,24,England,Newcastle,Premier League,2022-2023
Sergi Canós,251845,1148,Brentford FC,Right Winger,"€12,000,000.00","10,560,000",94,12,"15,000",F,RW,25,Spain,Brentford,Premier League,2022-2023
Sergio Gómez,366930,281,Manchester City,Left-Back,"€15,000,000.00","13,200,000",347,20,"50,000",D,LB,21,Spain,Manchester City,Premier League,2022-2023
Shandon Baptiste,533916,1148,Brentford FC,Central Midfield,"€3,000,000.00","2,640,000",95,13,"11,923",M,CM,24,Grenada,Brentford,Premier League,2022-2023
Shane Duffy,119269,931,Fulham FC,Centre-Back,"€2,500,000.00","2,200,000",224,9,"40,000",D,CB,30,Ireland,Fulham,Premier League,2022-2023
Siriki Dembélé,488656,989,Bournemouth,Left Winger,"€2,500,000.00","2,200,000",78,25,"8,000",F,LW,25,Scotland,Bournemouth,Premier League,2022-2023
Solly March,209212,1237,Brighton & Hove Albion,Left Midfield,"€12,000,000.00","10,560,000",118,10,"30,000",M,LM,28,England,Brighton,Premier League,2022-2023
Steve Cook,90836,703,Nottingham Forest,Centre-Back,"€3,000,000.00","2,640,000",419,4,"35,192",D,CB,31,England,Nottingham Forest,Premier League,2022-2023
Stuart Armstrong,130765,180,Southampton FC,Central Midfield,"€6,000,000.00","5,280,000",452,5,"50,000",M,CM,30,Scotland,Southampton,Premier League,2022-2023
Stuart Dallas,158764,399,Leeds United,Right-Back,"€2,000,000.00","1,760,000",253,12,"8,077",D,RB,31,Northern Ireland,Leeds,Premier League,2022-2023
Sven Botman,361093,762,Newcastle United,Centre-Back,"€38,000,000.00","33,440,000",390,5,"90,000",D,CB,22,Netherlands,Newcastle,Premier League,2022-2023
Takehiro Tomiyasu,331560,11,Arsenal FC,Right-Back,"€25,000,000.00","22,000,000",12,13,"55,000",D,RB,23,Japan,Arsenal,Premier League,2022-2023
Tariq Lamptey,504148,1237,Brighton & Hove Albion,Right-Back,"€15,000,000.00","13,200,000",116,8,"35,000",D,RB,21,Ghana,Brighton,Premier League,2022-2023
Teden Mengi,548470,985,Manchester United,Centre-Back,"€2,000,000.00","1,760,000",382,30,"5,000",D,CB,20,England,Manchester United,Premier League,2022-2023
Theo Walcott,33713,180,Southampton FC,Right Winger,"€1,800,000.00","1,584,000",448,1,"75,000",F,RW,33,England,Southampton,Premier League,2022-2023
Thiago,60444,31,Liverpool FC,Central Midfield,"€18,000,000.00","15,840,000",301,3,"200,000",M,CM,31,Spain,Liverpool,Premier League,2022-2023
Thiago Silva,29241,631,Chelsea FC,Centre-Back,"€2,500,000.00","2,200,000",147,14,"110,000",D,CB,37,Brazil,Chelsea,Premier League,2022-2023
Thilo Kehrer,228948,379,West Ham United,Centre-Back,"€22,000,000.00","19,360,000",507,7,"80,000",D,CB,25,Germany,West Ham,Premier League,2022-2023
Thomas Partey,230784,11,Arsenal FC,Defensive Midfield,"€38,000,000.00","33,440,000",1,2,"200,000",M,DM,29,Ghana,Arsenal,Premier League,2022-2023
Tim Ream,145466,931,Fulham FC,Centre-Back,"€1,000,000.00","880,000",229,14,"26,923",D,CB,34,United States,Fulham,Premier League,2022-2023
Timothy Castagne,262226,1003,Leicester City,Right-Back,"€28,000,000.00","24,640,000",282,12,"65,000",D,RB,26,Belgium,Leicester,Premier League,2022-2023
Tino Livramento,503981,180,Southampton FC,Right-Back,"€25,000,000.00","22,000,000",462,15,"5,000",D,RB,19,England,Southampton,Premier League,2022-2023
Tom Cairney,123275,931,Fulham FC,Central Midfield,"€2,000,000.00","1,760,000",223,8,"40,000",M,CM,31,Scotland,Fulham,Premier League,2022-2023
Tom Davies,314210,29,Everton FC,Central Midfield,"€12,000,000.00","10,560,000",207,21,"25,000",M,CM,24,England,Everton,Premier League,2022-2023
Tom Heaton,34130,985,Manchester United,Goalkeeper,"€600,000.00","528,000",375,23,"45,000",K,GK,36,England,Manchester United,Premier League,2022-2023
Tomas Soucek,283628,379,West Ham United,Defensive Midfield,"€45,000,000.00","39,600,000",512,12,"65,000",M,DM,27,Czech Republic,West Ham,Premier League,2022-2023
Tosin Adarabioyo,258878,931,Fulham FC,Centre-Back,"€18,000,000.00","15,840,000",221,6,"40,577",D,CB,24,England,Fulham,Premier League,2022-2023
Trent Alexander-Arnold,314353,31,Liverpool FC,Right-Back,"€70,000,000.00","61,600,000",302,4,"180,000",D,RB,23,England,Liverpool,Premier League,2022-2023
Trevoh Chalobah,346314,631,Chelsea FC,Centre-Back,"€22,000,000.00","19,360,000",157,24,"35,000",D,CB,23,England,Chelsea,Premier League,2022-2023
Tyrell Malacia,339340,985,Manchester United,Left-Back,"€22,000,000.00","19,360,000",370,18,"75,000",D,LB,23,Netherlands,Manchester United,Premier League,2022-2023
Tyrick Mitchell,730893,873,Crystal Palace,Left-Back,"€28,000,000.00","24,640,000",180,20,"28,846",D,LB,23,England,Crystal Palace,Premier League,2022-2023
Tyrone Mings,253677,405,Aston Villa,Centre-Back,"€25,000,000.00","22,000,000",34,10,"80,000",D,CB,29,England,Aston Villa,Premier League,2022-2023
Vicente Guaita,64399,873,Crystal Palace,Goalkeeper,"€1,500,000.00","1,320,000",165,5,"76,923",K,GK,35,Spain,Crystal Palace,Premier League,2022-2023
Victor Lindelöf,184573,985,Manchester United,Centre-Back,"€15,000,000.00","13,200,000",365,13,"120,000",D,CB,28,Sweden,Manchester United,Premier League,2022-2023
Virgil van Dijk,139208,31,Liverpool FC,Centre-Back,"€50,000,000.00","44,000,000",300,2,"220,000",D,CB,31,Netherlands,Liverpool,Premier League,2022-2023
Vitaliy Mykolenko,404842,29,Everton FC,Left-Back,"€22,000,000.00","19,360,000",199,13,"58,000",D,LB,23,Ukraine,Everton,Premier League,2022-2023
Vitaly Janelt,270171,1148,Brentford FC,Defensive Midfield,"€16,000,000.00","14,080,000",98,16,"10,000",M,DM,24,Germany,Brentford,Premier League,2022-2023
Vladimir Coufal,157672,379,West Ham United,Right-Back,"€9,000,000.00","7,920,000",520,20,"35,000",D,RB,30,Czech Republic,West Ham,Premier League,2022-2023
Wesley Fofana,475411,631,Chelsea FC,Centre-Back,"€65,000,000.00","57,200,000",138,5,"200,000",D,CB,21,France,Chelsea,Premier League,2022-2023
Wilfred Ndidi,274839,1003,Leicester City,Defensive Midfield,"€40,000,000.00","35,200,000",280,10,"75,000",M,DM,25,Nigeria,Leicester,Premier League,2022-2023
Wilfried Zaha,145988,873,Crystal Palace,Left Winger,"€32,000,000.00","28,160,000",161,1,"130,000",F,LW,29,Cote d'Ivoire,Crystal Palace,Premier League,2022-2023
Will Dennis,582078,989,Bournemouth,Goalkeeper,"€200,000.00","176,000",80,27,"2,000",K,GK,22,England,Bournemouth,Premier League,2022-2023
Will Hughes,207014,873,Crystal Palace,Central Midfield,"€5,000,000.00","4,400,000",170,10,"53,846",M,CM,27,England,Crystal Palace,Premier League,2022-2023
William Saliba,495666,11,Arsenal FC,Centre-Back,"€50,000,000.00","44,000,000",17,18,"40,000",D,CB,21,France,Arsenal,Premier League,2022-2023
Willy Caballero,19948,180,Southampton FC,Goalkeeper,"€200,000.00","176,000",461,14,"17,115",K,GK,40,Argentina,Southampton,Premier League,2022-2023
Wout Faes,292808,1003,Leicester City,Centre-Back,"€20,000,000.00","17,600,000",284,14,"50,000",D,CB,24,Belgium,Leicester,Premier League,2022-2023
Yerry Mina,289446,29,Everton FC,Centre-Back,"€18,000,000.00","15,840,000",189,3,"120,000",D,CB,27,Colombia,Everton,Premier League,2022-2023
Yerson Mosquera,716276,543,Wolverhampton Wanderers,Centre-Back,"€3,000,000.00","2,640,000",543,17,"7,308",D,CB,21,Colombia,Wolverhampton,Premier League,2022-2023
Yoane Wissa,388165,1148,Brentford FC,Left Winger,"€15,000,000.00","13,200,000",97,15,"11,923",F,LW,25,Democratic Republic of the Congo,Brentford,Premier League,2022-2023
Youri Tielemans,249565,1003,Leicester City,Central Midfield,"€40,000,000.00","35,200,000",290,20,"35,000",M,CM,25,Belgium,Leicester,Premier League,2022-2023
Yves Bissouma,410425,148,Tottenham Hotspur,Central Midfield,"€32,000,000.00","28,160,000",490,17,"55,000",M,CM,26,Mali,Tottenham,Premier League,2022-2023
